[0.000000] (-) TimerEvent: {}
[0.000859] (rplidar_ros) JobQueued: {'identifier': 'rplidar_ros', 'dependencies': OrderedDict()}
[0.001509] (rplidar_ros) JobStarted: {'identifier': 'rplidar_ros'}
[0.018736] (rplidar_ros) JobProgress: {'identifier': 'rplidar_ros', 'progress': 'cmake'}
[0.020142] (rplidar_ros) Command: {'cmd': ['/usr/bin/cmake', '/home/ltr/aizee/jetson_ws/src/rplidar_ros', '-DCMAKE_INSTALL_PREFIX=/home/ltr/aizee/jetson_ws/install/rplidar_ros'], 'cwd': '/home/ltr/aizee/jetson_ws/build/rplidar_ros', 'env': OrderedDict([('VIRTUALENVWRAPPER_WORKON_CD', '1'), ('LESSOPEN', '| /usr/bin/lesspipe %s'), ('WORKON_HOME', '/home/ltr/.virtualenvs'), ('JUPYTER_SERVER_ROOT', '/home/ltr'), ('USER', 'ltr'), ('SHLVL', '1'), ('LD_LIBRARY_PATH', '/opt/ros/humble/opt/rviz_ogre_vendor/lib:/opt/ros/humble/lib/aarch64-linux-gnu:/opt/ros/humble/lib'), ('HOME', '/home/ltr'), ('VIRTUALENVWRAPPER_PYTHON', '/usr/bin/python3'), ('OLDPWD', '/home/ltr/aizee/jetson_ws/src'), ('JETSON_L4T', '36.4.3'), ('ROS_PYTHON_VERSION', '3'), ('JETSON_MODEL', 'NVIDIA Jetson Orin Nano Engineering Reference Developer Kit Super'), ('SYSTEMD_EXEC_PID', '879'), ('COLCON_PREFIX_PATH', '/home/ltr/aizee/jetson_ws/install'), ('PYXTERM_DIMENSIONS', '80x25'), ('ROS_DISTRO', 'humble'), ('LOGNAME', 'ltr'), ('JETSON_MODULE', 'NVIDIA Jetson Orin Nano (Developer kit)'), ('JETSON_SERIAL_NUMBER', '1421225029686'), ('JOURNAL_STREAM', '8:23315'), ('_', '/usr/bin/colcon'), ('ROS_VERSION', '2'), ('COLUMNS', '79'), ('TERM', 'xterm-256color'), ('ROS_LOCALHOST_ONLY', '0'), ('PATH', '/home/ltr/.local/bin:/opt/ros/humble/bin:/home/ltr/miniforge3/bin:/usr/bin:/usr/local/bin:/home/ltr/.local/bin:/snap/bin'), ('INVOCATION_ID', '48f9f8d618314ef882023dbc9336cc4f'), ('LANG', 'en_US.UTF-8'), ('LS_COLORS', 'rs=0:di=01;34:ln=01;36:mh=00:pi=40;33:so=01;35:do=01;35:bd=40;33;01:cd=40;33;01:or=40;31;01:mi=00:su=37;41:sg=30;43:ca=30;41:tw=30;42:ow=34;42:st=37;44:ex=01;32:*.tar=01;31:*.tgz=01;31:*.arc=01;31:*.arj=01;31:*.taz=01;31:*.lha=01;31:*.lz4=01;31:*.lzh=01;31:*.lzma=01;31:*.tlz=01;31:*.txz=01;31:*.tzo=01;31:*.t7z=01;31:*.zip=01;31:*.z=01;31:*.dz=01;31:*.gz=01;31:*.lrz=01;31:*.lz=01;31:*.lzo=01;31:*.xz=01;31:*.zst=01;31:*.tzst=01;31:*.bz2=01;31:*.bz=01;31:*.tbz=01;31:*.tbz2=01;31:*.tz=01;31:*.deb=01;31:*.rpm=01;31:*.jar=01;31:*.war=01;31:*.ear=01;31:*.sar=01;31:*.rar=01;31:*.alz=01;31:*.ace=01;31:*.zoo=01;31:*.cpio=01;31:*.7z=01;31:*.rz=01;31:*.cab=01;31:*.wim=01;31:*.swm=01;31:*.dwm=01;31:*.esd=01;31:*.jpg=01;35:*.jpeg=01;35:*.mjpg=01;35:*.mjpeg=01;35:*.gif=01;35:*.bmp=01;35:*.pbm=01;35:*.pgm=01;35:*.ppm=01;35:*.tga=01;35:*.xbm=01;35:*.xpm=01;35:*.tif=01;35:*.tiff=01;35:*.png=01;35:*.svg=01;35:*.svgz=01;35:*.mng=01;35:*.pcx=01;35:*.mov=01;35:*.mpg=01;35:*.mpeg=01;35:*.m2v=01;35:*.mkv=01;35:*.webm=01;35:*.webp=01;35:*.ogm=01;35:*.mp4=01;35:*.m4v=01;35:*.mp4v=01;35:*.vob=01;35:*.qt=01;35:*.nuv=01;35:*.wmv=01;35:*.asf=01;35:*.rm=01;35:*.rmvb=01;35:*.flc=01;35:*.avi=01;35:*.fli=01;35:*.flv=01;35:*.gl=01;35:*.dl=01;35:*.xcf=01;35:*.xwd=01;35:*.yuv=01;35:*.cgm=01;35:*.emf=01;35:*.ogv=01;35:*.ogx=01;35:*.aac=00;36:*.au=00;36:*.flac=00;36:*.m4a=00;36:*.mid=00;36:*.midi=00;36:*.mka=00;36:*.mp3=00;36:*.mpc=00;36:*.ogg=00;36:*.ra=00;36:*.wav=00;36:*.oga=00;36:*.opus=00;36:*.spx=00;36:*.xspf=00;36:'), ('JETSON_SOC', 'tegra234'), ('AMENT_PREFIX_PATH', '/home/ltr/aizee/jetson_ws/install/rplidar_ros:/opt/ros/humble'), ('SHELL', '/bin/bash'), ('LESSCLOSE', '/usr/bin/lesspipe %s %s'), ('VIRTUALENVWRAPPER_PROJECT_FILENAME', '.project'), ('VIRTUALENVWRAPPER_HOOK_DIR', '/home/ltr/.virtualenvs'), ('VIRTUALENVWRAPPER_SCRIPT', '/usr/local/bin/virtualenvwrapper.sh'), ('JETSON_CUDA_ARCH_BIN', '8.7'), ('PWD', '/home/ltr/aizee/jetson_ws/build/rplidar_ros'), ('XDG_DATA_DIRS', '/usr/share/gnome:/usr/local/share:/usr/share:/var/lib/snapd/desktop'), ('LINES', '25'), ('PYTHONPATH', '/opt/ros/humble/lib/python3.10/site-packages:/opt/ros/humble/local/lib/python3.10/dist-packages'), ('COLCON', '1'), ('JETSON_JETPACK', '6.2'), ('JUPYTER_SERVER_URL', 'http://platform:8888/'), ('CMAKE_PREFIX_PATH', '/opt/ros/humble:/home/ltr/aizee/jetson_ws/install/rplidar_ros'), ('JETSON_P_NUMBER', 'p3767-0005')]), 'shell': False}
[0.055925] (rplidar_ros) StdoutLine: {'line': b'-- Found ament_cmake: 1.3.11 (/opt/ros/humble/share/ament_cmake/cmake)\n'}
[0.099140] (-) TimerEvent: {}
[0.199869] (-) TimerEvent: {}
[0.300735] (-) TimerEvent: {}
[0.396121] (rplidar_ros) StdoutLine: {'line': b'-- Found Python3: /usr/bin/python3 (found version "3.10.12") found components: Interpreter \n'}
[0.400844] (-) TimerEvent: {}
[0.501400] (-) TimerEvent: {}
[0.602103] (-) TimerEvent: {}
[0.629546] (rplidar_ros) StdoutLine: {'line': b'-- Found rclcpp: 16.0.12 (/opt/ros/humble/share/rclcpp/cmake)\n'}
[0.702221] (-) TimerEvent: {}
[0.710538] (rplidar_ros) StdoutLine: {'line': b'-- Found rosidl_generator_c: 3.1.6 (/opt/ros/humble/share/rosidl_generator_c/cmake)\n'}
[0.718486] (rplidar_ros) StdoutLine: {'line': b'-- Found rosidl_adapter: 3.1.6 (/opt/ros/humble/share/rosidl_adapter/cmake)\n'}
[0.734041] (rplidar_ros) StdoutLine: {'line': b'-- Found rosidl_generator_cpp: 3.1.6 (/opt/ros/humble/share/rosidl_generator_cpp/cmake)\n'}
[0.756745] (rplidar_ros) StdoutLine: {'line': b'-- Using all available rosidl_typesupport_c: rosidl_typesupport_fastrtps_c;rosidl_typesupport_introspection_c\n'}
[0.787299] (rplidar_ros) StdoutLine: {'line': b'-- Using all available rosidl_typesupport_cpp: rosidl_typesupport_fastrtps_cpp;rosidl_typesupport_introspection_cpp\n'}
[0.802291] (-) TimerEvent: {}
[0.867536] (rplidar_ros) StdoutLine: {'line': b'-- Found rmw_implementation_cmake: 6.1.2 (/opt/ros/humble/share/rmw_implementation_cmake/cmake)\n'}
[0.871619] (rplidar_ros) StdoutLine: {'line': b'-- Found rmw_fastrtps_cpp: 6.2.7 (/opt/ros/humble/share/rmw_fastrtps_cpp/cmake)\n'}
[0.902389] (-) TimerEvent: {}
[1.002933] (-) TimerEvent: {}
[1.019818] (rplidar_ros) StdoutLine: {'line': b'-- Found OpenSSL: /usr/lib/aarch64-linux-gnu/libcrypto.so (found version "3.0.2")  \n'}
[1.074629] (rplidar_ros) StdoutLine: {'line': b'-- Found FastRTPS: /opt/ros/humble/include  \n'}
[1.103004] (-) TimerEvent: {}
[1.150888] (rplidar_ros) StdoutLine: {'line': b"-- Using RMW implementation 'rmw_fastrtps_cpp' as default\n"}
[1.165902] (rplidar_ros) StdoutLine: {'line': b'-- Looking for pthread.h\n'}
[1.203251] (-) TimerEvent: {}
[1.304161] (-) TimerEvent: {}
[1.330786] (rplidar_ros) StdoutLine: {'line': b'-- Looking for pthread.h - found\n'}
[1.331710] (rplidar_ros) StdoutLine: {'line': b'-- Performing Test CMAKE_HAVE_LIBC_PTHREAD\n'}
[1.404404] (-) TimerEvent: {}
[1.505370] (-) TimerEvent: {}
[1.514174] (rplidar_ros) StdoutLine: {'line': b'-- Performing Test CMAKE_HAVE_LIBC_PTHREAD - Success\n'}
[1.519170] (rplidar_ros) StdoutLine: {'line': b'-- Found Threads: TRUE  \n'}
[1.605460] (-) TimerEvent: {}
[1.650812] (rplidar_ros) StdoutLine: {'line': b'-- Found sensor_msgs: 4.8.0 (/opt/ros/humble/share/sensor_msgs/cmake)\n'}
[1.705602] (-) TimerEvent: {}
[1.712139] (rplidar_ros) StdoutLine: {'line': b'-- Found std_srvs: 4.8.0 (/opt/ros/humble/share/std_srvs/cmake)\n'}
[1.805753] (-) TimerEvent: {}
[1.900852] (rplidar_ros) StdoutLine: {'line': b'-- Configuring done\n'}
[1.905823] (-) TimerEvent: {}
[1.958145] (rplidar_ros) StdoutLine: {'line': b'-- Generating done\n'}
[1.973088] (rplidar_ros) StdoutLine: {'line': b'-- Build files have been written to: /home/ltr/aizee/jetson_ws/build/rplidar_ros\n'}
[2.001953] (rplidar_ros) CommandEnded: {'returncode': 0}
[2.004286] (rplidar_ros) JobProgress: {'identifier': 'rplidar_ros', 'progress': 'build'}
[2.006671] (rplidar_ros) Command: {'cmd': ['/usr/bin/cmake', '--build', '/home/ltr/aizee/jetson_ws/build/rplidar_ros', '--', '-j6', '-l6'], 'cwd': '/home/ltr/aizee/jetson_ws/build/rplidar_ros', 'env': OrderedDict([('VIRTUALENVWRAPPER_WORKON_CD', '1'), ('LESSOPEN', '| /usr/bin/lesspipe %s'), ('WORKON_HOME', '/home/ltr/.virtualenvs'), ('JUPYTER_SERVER_ROOT', '/home/ltr'), ('USER', 'ltr'), ('SHLVL', '1'), ('LD_LIBRARY_PATH', '/opt/ros/humble/opt/rviz_ogre_vendor/lib:/opt/ros/humble/lib/aarch64-linux-gnu:/opt/ros/humble/lib'), ('HOME', '/home/ltr'), ('VIRTUALENVWRAPPER_PYTHON', '/usr/bin/python3'), ('OLDPWD', '/home/ltr/aizee/jetson_ws/src'), ('JETSON_L4T', '36.4.3'), ('ROS_PYTHON_VERSION', '3'), ('JETSON_MODEL', 'NVIDIA Jetson Orin Nano Engineering Reference Developer Kit Super'), ('SYSTEMD_EXEC_PID', '879'), ('COLCON_PREFIX_PATH', '/home/ltr/aizee/jetson_ws/install'), ('PYXTERM_DIMENSIONS', '80x25'), ('ROS_DISTRO', 'humble'), ('LOGNAME', 'ltr'), ('JETSON_MODULE', 'NVIDIA Jetson Orin Nano (Developer kit)'), ('JETSON_SERIAL_NUMBER', '1421225029686'), ('JOURNAL_STREAM', '8:23315'), ('_', '/usr/bin/colcon'), ('ROS_VERSION', '2'), ('COLUMNS', '79'), ('TERM', 'xterm-256color'), ('ROS_LOCALHOST_ONLY', '0'), ('PATH', '/home/ltr/.local/bin:/opt/ros/humble/bin:/home/ltr/miniforge3/bin:/usr/bin:/usr/local/bin:/home/ltr/.local/bin:/snap/bin'), ('INVOCATION_ID', '48f9f8d618314ef882023dbc9336cc4f'), ('LANG', 'en_US.UTF-8'), ('LS_COLORS', 'rs=0:di=01;34:ln=01;36:mh=00:pi=40;33:so=01;35:do=01;35:bd=40;33;01:cd=40;33;01:or=40;31;01:mi=00:su=37;41:sg=30;43:ca=30;41:tw=30;42:ow=34;42:st=37;44:ex=01;32:*.tar=01;31:*.tgz=01;31:*.arc=01;31:*.arj=01;31:*.taz=01;31:*.lha=01;31:*.lz4=01;31:*.lzh=01;31:*.lzma=01;31:*.tlz=01;31:*.txz=01;31:*.tzo=01;31:*.t7z=01;31:*.zip=01;31:*.z=01;31:*.dz=01;31:*.gz=01;31:*.lrz=01;31:*.lz=01;31:*.lzo=01;31:*.xz=01;31:*.zst=01;31:*.tzst=01;31:*.bz2=01;31:*.bz=01;31:*.tbz=01;31:*.tbz2=01;31:*.tz=01;31:*.deb=01;31:*.rpm=01;31:*.jar=01;31:*.war=01;31:*.ear=01;31:*.sar=01;31:*.rar=01;31:*.alz=01;31:*.ace=01;31:*.zoo=01;31:*.cpio=01;31:*.7z=01;31:*.rz=01;31:*.cab=01;31:*.wim=01;31:*.swm=01;31:*.dwm=01;31:*.esd=01;31:*.jpg=01;35:*.jpeg=01;35:*.mjpg=01;35:*.mjpeg=01;35:*.gif=01;35:*.bmp=01;35:*.pbm=01;35:*.pgm=01;35:*.ppm=01;35:*.tga=01;35:*.xbm=01;35:*.xpm=01;35:*.tif=01;35:*.tiff=01;35:*.png=01;35:*.svg=01;35:*.svgz=01;35:*.mng=01;35:*.pcx=01;35:*.mov=01;35:*.mpg=01;35:*.mpeg=01;35:*.m2v=01;35:*.mkv=01;35:*.webm=01;35:*.webp=01;35:*.ogm=01;35:*.mp4=01;35:*.m4v=01;35:*.mp4v=01;35:*.vob=01;35:*.qt=01;35:*.nuv=01;35:*.wmv=01;35:*.asf=01;35:*.rm=01;35:*.rmvb=01;35:*.flc=01;35:*.avi=01;35:*.fli=01;35:*.flv=01;35:*.gl=01;35:*.dl=01;35:*.xcf=01;35:*.xwd=01;35:*.yuv=01;35:*.cgm=01;35:*.emf=01;35:*.ogv=01;35:*.ogx=01;35:*.aac=00;36:*.au=00;36:*.flac=00;36:*.m4a=00;36:*.mid=00;36:*.midi=00;36:*.mka=00;36:*.mp3=00;36:*.mpc=00;36:*.ogg=00;36:*.ra=00;36:*.wav=00;36:*.oga=00;36:*.opus=00;36:*.spx=00;36:*.xspf=00;36:'), ('JETSON_SOC', 'tegra234'), ('AMENT_PREFIX_PATH', '/home/ltr/aizee/jetson_ws/install/rplidar_ros:/opt/ros/humble'), ('SHELL', '/bin/bash'), ('LESSCLOSE', '/usr/bin/lesspipe %s %s'), ('VIRTUALENVWRAPPER_PROJECT_FILENAME', '.project'), ('VIRTUALENVWRAPPER_HOOK_DIR', '/home/ltr/.virtualenvs'), ('VIRTUALENVWRAPPER_SCRIPT', '/usr/local/bin/virtualenvwrapper.sh'), ('JETSON_CUDA_ARCH_BIN', '8.7'), ('PWD', '/home/ltr/aizee/jetson_ws/build/rplidar_ros'), ('XDG_DATA_DIRS', '/usr/share/gnome:/usr/local/share:/usr/share:/var/lib/snapd/desktop'), ('LINES', '25'), ('PYTHONPATH', '/opt/ros/humble/lib/python3.10/site-packages:/opt/ros/humble/local/lib/python3.10/dist-packages'), ('COLCON', '1'), ('JETSON_JETPACK', '6.2'), ('JUPYTER_SERVER_URL', 'http://platform:8888/'), ('CMAKE_PREFIX_PATH', '/opt/ros/humble:/home/ltr/aizee/jetson_ws/install/rplidar_ros'), ('JETSON_P_NUMBER', 'p3767-0005')]), 'shell': False}
[2.010726] (-) TimerEvent: {}
[2.111754] (-) TimerEvent: {}
[2.138309] (rplidar_ros) StdoutLine: {'line': b'[ 15%] \x1b[32mBuilding CXX object CMakeFiles/rplidar_client.dir/src/rplidar_client.cpp.o\x1b[0m\n'}
[2.139071] (rplidar_ros) StdoutLine: {'line': b'[ 15%] \x1b[32mBuilding CXX object CMakeFiles/rplidar_composition.dir/sdk/src/arch/linux/net_serial.cpp.o\x1b[0m\n'}
[2.139283] (rplidar_ros) StdoutLine: {'line': b'[ 15%] \x1b[32mBuilding CXX object CMakeFiles/rplidar_node.dir/sdk/src/arch/linux/net_serial.cpp.o\x1b[0m\n'}
[2.139449] (rplidar_ros) StdoutLine: {'line': b'[ 15%] \x1b[32mBuilding CXX object CMakeFiles/rplidar_composition.dir/src/rplidar_node.cpp.o\x1b[0m\n'}
[2.139606] (rplidar_ros) StdoutLine: {'line': b'[ 15%] \x1b[32mBuilding CXX object CMakeFiles/rplidar_node.dir/sdk/src/arch/linux/net_socket.cpp.o\x1b[0m\n'}
[2.139992] (rplidar_ros) StdoutLine: {'line': b'[ 15%] \x1b[32mBuilding CXX object CMakeFiles/rplidar_node.dir/src/rplidar_node.cpp.o\x1b[0m\n'}
[2.212013] (-) TimerEvent: {}
[2.313448] (-) TimerEvent: {}
[2.414582] (-) TimerEvent: {}
[2.515746] (-) TimerEvent: {}
[2.617481] (-) TimerEvent: {}
[2.718830] (-) TimerEvent: {}
[2.820070] (-) TimerEvent: {}
[2.921304] (-) TimerEvent: {}
[3.022544] (-) TimerEvent: {}
[3.123871] (-) TimerEvent: {}
[3.152665] (rplidar_ros) StderrLine: {'line': b'In file included from \x1b[01m\x1b[K/home/ltr/aizee/jetson_ws/src/rplidar_ros/sdk/include/rplidar_protocol.h:36\x1b[m\x1b[K,\n'}
[3.153707] (rplidar_ros) StderrLine: {'line': b'                 from \x1b[01m\x1b[K/home/ltr/aizee/jetson_ws/src/rplidar_ros/sdk/include/rplidar.h:39\x1b[m\x1b[K,\n'}
[3.153990] (rplidar_ros) StderrLine: {'line': b'                 from \x1b[01m\x1b[K/home/ltr/aizee/jetson_ws/src/rplidar_ros/sdk/src/sdkcommon.h:49\x1b[m\x1b[K,\n'}
[3.154171] (rplidar_ros) StderrLine: {'line': b'                 from \x1b[01m\x1b[K/home/ltr/aizee/jetson_ws/src/rplidar_ros/sdk/src/arch/linux/net_socket.cpp:10\x1b[m\x1b[K:\n'}
[3.154321] (rplidar_ros) StderrLine: {'line': b'\x1b[01m\x1b[K/home/ltr/aizee/jetson_ws/src/rplidar_ros/sdk/include/sl_lidar_protocol.h:66:16:\x1b[m\x1b[K \x1b[01;35m\x1b[Kwarning: \x1b[m\x1b[KISO C++ forbids zero-size array \xe2\x80\x98\x1b[01m\x1b[Kdata\x1b[m\x1b[K\xe2\x80\x99 [\x1b[01;35m\x1b[K\x1b]8;;https://gcc.gnu.org/onlinedocs/gcc/Warning-Options.html#index-Wpedantic\x07-Wpedantic\x1b]8;;\x07\x1b[m\x1b[K]\n'}
[3.154485] (rplidar_ros) StderrLine: {'line': b'   66 |     sl_u8 data[\x1b[01;35m\x1b[K0\x1b[m\x1b[K];\n'}
[3.154625] (rplidar_ros) StderrLine: {'line': b'      |                \x1b[01;35m\x1b[K^\x1b[m\x1b[K\n'}
[3.154756] (rplidar_ros) StderrLine: {'line': b'In file included from \x1b[01m\x1b[K/home/ltr/aizee/jetson_ws/src/rplidar_ros/sdk/include/rplidar_cmd.h:36\x1b[m\x1b[K,\n'}
[3.154885] (rplidar_ros) StderrLine: {'line': b'                 from \x1b[01m\x1b[K/home/ltr/aizee/jetson_ws/src/rplidar_ros/sdk/include/rplidar.h:40\x1b[m\x1b[K,\n'}
[3.155058] (rplidar_ros) StderrLine: {'line': b'                 from \x1b[01m\x1b[K/home/ltr/aizee/jetson_ws/src/rplidar_ros/sdk/src/sdkcommon.h:49\x1b[m\x1b[K,\n'}
[3.155194] (rplidar_ros) StderrLine: {'line': b'                 from \x1b[01m\x1b[K/home/ltr/aizee/jetson_ws/src/rplidar_ros/sdk/src/arch/linux/net_socket.cpp:10\x1b[m\x1b[K:\n'}
[3.155325] (rplidar_ros) StderrLine: {'line': b'\x1b[01m\x1b[K/home/ltr/aizee/jetson_ws/src/rplidar_ros/sdk/include/sl_lidar_cmd.h:324:20:\x1b[m\x1b[K \x1b[01;35m\x1b[Kwarning: \x1b[m\x1b[KISO C++ forbids zero-size array \xe2\x80\x98\x1b[01m\x1b[Kpayload\x1b[m\x1b[K\xe2\x80\x99 [\x1b[01;35m\x1b[K\x1b]8;;https://gcc.gnu.org/onlinedocs/gcc/Warning-Options.html#index-Wpedantic\x07-Wpedantic\x1b]8;;\x07\x1b[m\x1b[K]\n'}
[3.155467] (rplidar_ros) StderrLine: {'line': b'  324 |     sl_u8  payload[\x1b[01;35m\x1b[K0\x1b[m\x1b[K];\n'}
[3.155594] (rplidar_ros) StderrLine: {'line': b'      |                    \x1b[01;35m\x1b[K^\x1b[m\x1b[K\n'}
[3.224192] (-) TimerEvent: {}
[3.309661] (rplidar_ros) StderrLine: {'line': b'In file included from \x1b[01m\x1b[K/home/ltr/aizee/jetson_ws/src/rplidar_ros/sdk/src/arch/linux/arch_linux.h:42\x1b[m\x1b[K,\n'}
[3.310566] (rplidar_ros) StderrLine: {'line': b'                 from \x1b[01m\x1b[K/home/ltr/aizee/jetson_ws/src/rplidar_ros/sdk/src/sdkcommon.h:41\x1b[m\x1b[K,\n'}
[3.310803] (rplidar_ros) StderrLine: {'line': b'                 from \x1b[01m\x1b[K/home/ltr/aizee/jetson_ws/src/rplidar_ros/sdk/src/arch/linux/net_socket.cpp:10\x1b[m\x1b[K:\n'}
[3.310973] (rplidar_ros) StderrLine: {'line': b'\x1b[01m\x1b[K/home/ltr/aizee/jetson_ws/src/rplidar_ros/sdk/src/arch/linux/net_socket.cpp:\x1b[m\x1b[K In member function \xe2\x80\x98\x1b[01m\x1b[Kvirtual u_result rp::arch::net::DGramSocketImpl::sendTo(const rp::net::SocketAddress*, const void*, size_t)\x1b[m\x1b[K\xe2\x80\x99:\n'}
[3.311209] (rplidar_ros) StderrLine: {'line': b'\x1b[01m\x1b[K/home/ltr/aizee/jetson_ws/src/rplidar_ros/sdk/src/arch/linux/net_socket.cpp:733:24:\x1b[m\x1b[K \x1b[01;35m\x1b[Kwarning: \x1b[m\x1b[Kcomparison of integer expressions of different signedness: \xe2\x80\x98\x1b[01m\x1b[Kint\x1b[m\x1b[K\xe2\x80\x99 and \xe2\x80\x98\x1b[01m\x1b[Ksize_t\x1b[m\x1b[K\xe2\x80\x99 {aka \xe2\x80\x98\x1b[01m\x1b[Klong unsigned int\x1b[m\x1b[K\xe2\x80\x99} [\x1b[01;35m\x1b[K\x1b]8;;https://gcc.gnu.org/onlinedocs/gcc/Warning-Options.html#index-Wsign-compare\x07-Wsign-compare\x1b]8;;\x07\x1b[m\x1b[K]\n'}
[3.311415] (rplidar_ros) StderrLine: {'line': b'  733 |             assert(\x1b[01;35m\x1b[Kans == len\x1b[m\x1b[K);\n'}
[3.311560] (rplidar_ros) StderrLine: {'line': b'      |                    \x1b[01;35m\x1b[K~~~~^~~~~~\x1b[m\x1b[K\n'}
[3.324474] (-) TimerEvent: {}
[3.425707] (-) TimerEvent: {}
[3.516470] (rplidar_ros) StderrLine: {'line': b'\x1b[01m\x1b[K/home/ltr/aizee/jetson_ws/src/rplidar_ros/sdk/src/arch/linux/net_serial.cpp:\x1b[m\x1b[K In member function \xe2\x80\x98\x1b[01m\x1b[Kbool rp::arch::net::raw_serial::open(const char*, uint32_t, uint32_t)\x1b[m\x1b[K\xe2\x80\x99:\n'}
[3.517433] (rplidar_ros) StderrLine: {'line': b'\x1b[01m\x1b[K/home/ltr/aizee/jetson_ws/src/rplidar_ros/sdk/src/arch/linux/net_serial.cpp:97:74:\x1b[m\x1b[K \x1b[01;35m\x1b[Kwarning: \x1b[m\x1b[Kunused parameter \xe2\x80\x98\x1b[01m\x1b[Kflags\x1b[m\x1b[K\xe2\x80\x99 [\x1b[01;35m\x1b[K\x1b]8;;https://gcc.gnu.org/onlinedocs/gcc/Warning-Options.html#index-Wunused-parameter\x07-Wunused-parameter\x1b]8;;\x07\x1b[m\x1b[K]\n'}
[3.517677] (rplidar_ros) StderrLine: {'line': b'   97 | serial::open(const char * portname, uint32_t baudrate, \x1b[01;35m\x1b[Kuint32_t flags\x1b[m\x1b[K)\n'}
[3.517831] (rplidar_ros) StderrLine: {'line': b'      |                                                        \x1b[01;35m\x1b[K~~~~~~~~~^~~~~\x1b[m\x1b[K\n'}
[3.517974] (rplidar_ros) StderrLine: {'line': b'\n'}
[3.518289] (rplidar_ros) StderrLine: {'line': b'\x1b[01m\x1b[K/home/ltr/aizee/jetson_ws/src/rplidar_ros/sdk/src/arch/linux/net_serial.cpp:\x1b[m\x1b[K In member function \xe2\x80\x98\x1b[01m\x1b[Kvirtual void rp::arch::net::raw_serial::flush(_u32)\x1b[m\x1b[K\xe2\x80\x99:\n'}
[3.518945] (rplidar_ros) StderrLine: {'line': b'\x1b[01m\x1b[K/home/ltr/aizee/jetson_ws/src/rplidar_ros/sdk/src/arch/linux/net_serial.cpp:281:30:\x1b[m\x1b[K \x1b[01;35m\x1b[Kwarning: \x1b[m\x1b[Kunused parameter \xe2\x80\x98\x1b[01m\x1b[Kflags\x1b[m\x1b[K\xe2\x80\x99 [\x1b[01;35m\x1b[K\x1b]8;;https://gcc.gnu.org/onlinedocs/gcc/Warning-Options.html#index-Wunused-parameter\x07-Wunused-parameter\x1b]8;;\x07\x1b[m\x1b[K]\n'}
[3.519266] (rplidar_ros) StderrLine: {'line': b'  281 | void raw_serial::flush( \x1b[01;35m\x1b[K_u32 flags\x1b[m\x1b[K)\n'}
[3.519447] (rplidar_ros) StderrLine: {'line': b'      |                         \x1b[01;35m\x1b[K~~~~~^~~~~\x1b[m\x1b[K\n'}
[3.519589] (rplidar_ros) StderrLine: {'line': b'\x1b[01m\x1b[K/home/ltr/aizee/jetson_ws/src/rplidar_ros/sdk/src/arch/linux/net_serial.cpp:\x1b[m\x1b[K In member function \xe2\x80\x98\x1b[01m\x1b[Kbool rp::arch::net::raw_serial::open(const char*, uint32_t, uint32_t)\x1b[m\x1b[K\xe2\x80\x99:\n'}
[3.519792] (rplidar_ros) StderrLine: {'line': b'\x1b[01m\x1b[K/home/ltr/aizee/jetson_ws/src/rplidar_ros/sdk/src/arch/linux/net_serial.cpp:97:74:\x1b[m\x1b[K \x1b[01;35m\x1b[Kwarning: \x1b[m\x1b[Kunused parameter \xe2\x80\x98\x1b[01m\x1b[Kflags\x1b[m\x1b[K\xe2\x80\x99 [\x1b[01;35m\x1b[K\x1b]8;;https://gcc.gnu.org/onlinedocs/gcc/Warning-Options.html#index-Wunused-parameter\x07-Wunused-parameter\x1b]8;;\x07\x1b[m\x1b[K]\n'}
[3.519935] (rplidar_ros) StderrLine: {'line': b'   97 | serial::open(const char * portname, uint32_t baudrate, \x1b[01;35m\x1b[Kuint32_t flags\x1b[m\x1b[K)\n'}
[3.520065] (rplidar_ros) StderrLine: {'line': b'      |                                                        \x1b[01;35m\x1b[K~~~~~~~~~^~~~~\x1b[m\x1b[K\n'}
[3.520192] (rplidar_ros) StderrLine: {'line': b'\n'}
[3.520315] (rplidar_ros) StderrLine: {'line': b'\x1b[01m\x1b[K/home/ltr/aizee/jetson_ws/src/rplidar_ros/sdk/src/arch/linux/net_serial.cpp:\x1b[m\x1b[K In member function \xe2\x80\x98\x1b[01m\x1b[Kvirtual int rp::arch::net::raw_serial::waitforsent(_u32, size_t*)\x1b[m\x1b[K\xe2\x80\x99:\n'}
[3.520494] (rplidar_ros) StderrLine: {'line': b'\x1b[01m\x1b[K/home/ltr/aizee/jetson_ws/src/rplidar_ros/sdk/src/arch/linux/net_serial.cpp:286:34:\x1b[m\x1b[K \x1b[01;35m\x1b[Kwarning: \x1b[m\x1b[Kunused parameter \xe2\x80\x98\x1b[01m\x1b[Ktimeout\x1b[m\x1b[K\xe2\x80\x99 [\x1b[01;35m\x1b[K\x1b]8;;https://gcc.gnu.org/onlinedocs/gcc/Warning-Options.html#index-Wunused-parameter\x07-Wunused-parameter\x1b]8;;\x07\x1b[m\x1b[K]\n'}
[3.520867] (rplidar_ros) StderrLine: {'line': b'  286 | int raw_serial::waitforsent(\x1b[01;35m\x1b[K_u32 timeout\x1b[m\x1b[K, size_t * returned_size)\n'}
[3.521079] (rplidar_ros) StderrLine: {'line': b'      |                             \x1b[01;35m\x1b[K~~~~~^~~~~~~\x1b[m\x1b[K\n'}
[3.521409] (rplidar_ros) StderrLine: {'line': b'\x1b[01m\x1b[K/home/ltr/aizee/jetson_ws/src/rplidar_ros/sdk/src/arch/linux/net_serial.cpp:\x1b[m\x1b[K In member function \xe2\x80\x98\x1b[01m\x1b[Kvirtual int rp::arch::net::raw_serial::waitforrecv(_u32, size_t*)\x1b[m\x1b[K\xe2\x80\x99:\n'}
[3.521565] (rplidar_ros) StderrLine: {'line': b'\x1b[01m\x1b[K/home/ltr/aizee/jetson_ws/src/rplidar_ros/sdk/src/arch/linux/net_serial.cpp:292:34:\x1b[m\x1b[K \x1b[01;35m\x1b[Kwarning: \x1b[m\x1b[Kunused parameter \xe2\x80\x98\x1b[01m\x1b[Ktimeout\x1b[m\x1b[K\xe2\x80\x99 [\x1b[01;35m\x1b[K\x1b]8;;https://gcc.gnu.org/onlinedocs/gcc/Warning-Options.html#index-Wunused-parameter\x07-Wunused-parameter\x1b]8;;\x07\x1b[m\x1b[K]\n'}
[3.521787] (rplidar_ros) StderrLine: {'line': b'  292 | int raw_serial::waitforrecv(\x1b[01;35m\x1b[K_u32 timeout\x1b[m\x1b[K, size_t * returned_size)\n'}
[3.522028] (rplidar_ros) StderrLine: {'line': b'      |                             \x1b[01;35m\x1b[K~~~~~^~~~~~~\x1b[m\x1b[K\n'}
[3.522165] (rplidar_ros) StderrLine: {'line': b'\x1b[01m\x1b[K/home/ltr/aizee/jetson_ws/src/rplidar_ros/sdk/src/arch/linux/net_serial.cpp:\x1b[m\x1b[K In member function \xe2\x80\x98\x1b[01m\x1b[Kvirtual void rp::arch::net::raw_serial::flush(_u32)\x1b[m\x1b[K\xe2\x80\x99:\n'}
[3.522344] (rplidar_ros) StderrLine: {'line': b'\x1b[01m\x1b[K/home/ltr/aizee/jetson_ws/src/rplidar_ros/sdk/src/arch/linux/net_serial.cpp:281:30:\x1b[m\x1b[K \x1b[01;35m\x1b[Kwarning: \x1b[m\x1b[Kunused parameter \xe2\x80\x98\x1b[01m\x1b[Kflags\x1b[m\x1b[K\xe2\x80\x99 [\x1b[01;35m\x1b[K\x1b]8;;https://gcc.gnu.org/onlinedocs/gcc/Warning-Options.html#index-Wunused-parameter\x07-Wunused-parameter\x1b]8;;\x07\x1b[m\x1b[K]\n'}
[3.522482] (rplidar_ros) StderrLine: {'line': b'  281 | void raw_serial::flush( \x1b[01;35m\x1b[K_u32 flags\x1b[m\x1b[K)\n'}
[3.522612] (rplidar_ros) StderrLine: {'line': b'      |                         \x1b[01;35m\x1b[K~~~~~^~~~~\x1b[m\x1b[K\n'}
[3.522735] (rplidar_ros) StderrLine: {'line': b'\x1b[01m\x1b[K/home/ltr/aizee/jetson_ws/src/rplidar_ros/sdk/src/arch/linux/net_serial.cpp:\x1b[m\x1b[K In member function \xe2\x80\x98\x1b[01m\x1b[Kvirtual int rp::arch::net::raw_serial::waitforsent(_u32, size_t*)\x1b[m\x1b[K\xe2\x80\x99:\n'}
[3.522863] (rplidar_ros) StderrLine: {'line': b'\x1b[01m\x1b[K/home/ltr/aizee/jetson_ws/src/rplidar_ros/sdk/src/arch/linux/net_serial.cpp:286:34:\x1b[m\x1b[K \x1b[01;35m\x1b[Kwarning: \x1b[m\x1b[Kunused parameter \xe2\x80\x98\x1b[01m\x1b[Ktimeout\x1b[m\x1b[K\xe2\x80\x99 [\x1b[01;35m\x1b[K\x1b]8;;https://gcc.gnu.org/onlinedocs/gcc/Warning-Options.html#index-Wunused-parameter\x07-Wunused-parameter\x1b]8;;\x07\x1b[m\x1b[K]\n'}
[3.522995] (rplidar_ros) StderrLine: {'line': b'  286 | int raw_serial::waitforsent(\x1b[01;35m\x1b[K_u32 timeout\x1b[m\x1b[K, size_t * returned_size)\n'}
[3.523120] (rplidar_ros) StderrLine: {'line': b'      |                             \x1b[01;35m\x1b[K~~~~~^~~~~~~\x1b[m\x1b[K\n'}
[3.523502] (rplidar_ros) StderrLine: {'line': b'\x1b[01m\x1b[K/home/ltr/aizee/jetson_ws/src/rplidar_ros/sdk/src/arch/linux/net_serial.cpp:\x1b[m\x1b[K In member function \xe2\x80\x98\x1b[01m\x1b[Kvirtual int rp::arch::net::raw_serial::waitforrecv(_u32, size_t*)\x1b[m\x1b[K\xe2\x80\x99:\n'}
[3.523657] (rplidar_ros) StderrLine: {'line': b'\x1b[01m\x1b[K/home/ltr/aizee/jetson_ws/src/rplidar_ros/sdk/src/arch/linux/net_serial.cpp:292:34:\x1b[m\x1b[K \x1b[01;35m\x1b[Kwarning: \x1b[m\x1b[Kunused parameter \xe2\x80\x98\x1b[01m\x1b[Ktimeout\x1b[m\x1b[K\xe2\x80\x99 [\x1b[01;35m\x1b[K\x1b]8;;https://gcc.gnu.org/onlinedocs/gcc/Warning-Options.html#index-Wunused-parameter\x07-Wunused-parameter\x1b]8;;\x07\x1b[m\x1b[K]\n'}
[3.523841] (rplidar_ros) StderrLine: {'line': b'  292 | int raw_serial::waitforrecv(\x1b[01;35m\x1b[K_u32 timeout\x1b[m\x1b[K, size_t * returned_size)\n'}
[3.523976] (rplidar_ros) StderrLine: {'line': b'      |                             \x1b[01;35m\x1b[K~~~~~^~~~~~~\x1b[m\x1b[K\n'}
[3.524106] (rplidar_ros) StderrLine: {'line': b'\x1b[01m\x1b[K/home/ltr/aizee/jetson_ws/src/rplidar_ros/sdk/src/arch/linux/net_serial.cpp:\x1b[m\x1b[K In member function \xe2\x80\x98\x1b[01m\x1b[Kvirtual void rp::arch::net::raw_serial::cancelOperation()\x1b[m\x1b[K\xe2\x80\x99:\n'}
[3.524238] (rplidar_ros) StderrLine: {'line': b'\x1b[01m\x1b[K/home/ltr/aizee/jetson_ws/src/rplidar_ros/sdk/src/arch/linux/net_serial.cpp:427:5:\x1b[m\x1b[K \x1b[01;35m\x1b[Kwarning: \x1b[m\x1b[Kvalue computed is not used [\x1b[01;35m\x1b[K\x1b]8;;https://gcc.gnu.org/onlinedocs/gcc/Warning-Options.html#index-Wunused-value\x07-Wunused-value\x1b]8;;\x07\x1b[m\x1b[K]\n'}
[3.524400] (rplidar_ros) StderrLine: {'line': b'  427 |     \x1b[01;35m\x1b[K(int)::write(_selfpipe[1], "x", 1)\x1b[m\x1b[K;\n'}
[3.524529] (rplidar_ros) StderrLine: {'line': b'      |     \x1b[01;35m\x1b[K^~~~~~~~~~~~~~~~~~~~~~~~~~~~~~~~~~\x1b[m\x1b[K\n'}
[3.525829] (-) TimerEvent: {}
[3.528265] (rplidar_ros) StderrLine: {'line': b'\x1b[01m\x1b[K/home/ltr/aizee/jetson_ws/src/rplidar_ros/sdk/src/arch/linux/net_serial.cpp:\x1b[m\x1b[K In member function \xe2\x80\x98\x1b[01m\x1b[Kvirtual void rp::arch::net::raw_serial::cancelOperation()\x1b[m\x1b[K\xe2\x80\x99:\n'}
[3.528718] (rplidar_ros) StderrLine: {'line': b'\x1b[01m\x1b[K/home/ltr/aizee/jetson_ws/src/rplidar_ros/sdk/src/arch/linux/net_serial.cpp:427:5:\x1b[m\x1b[K \x1b[01;35m\x1b[Kwarning: \x1b[m\x1b[Kvalue computed is not used [\x1b[01;35m\x1b[K\x1b]8;;https://gcc.gnu.org/onlinedocs/gcc/Warning-Options.html#index-Wunused-value\x07-Wunused-value\x1b]8;;\x07\x1b[m\x1b[K]\n'}
[3.529014] (rplidar_ros) StderrLine: {'line': b'  427 |     \x1b[01;35m\x1b[K(int)::write(_selfpipe[1], "x", 1)\x1b[m\x1b[K;\n'}
[3.529168] (rplidar_ros) StderrLine: {'line': b'      |     \x1b[01;35m\x1b[K^~~~~~~~~~~~~~~~~~~~~~~~~~~~~~~~~~\x1b[m\x1b[K\n'}
[3.626217] (-) TimerEvent: {}
[3.727404] (-) TimerEvent: {}
[3.775656] (rplidar_ros) StdoutLine: {'line': b'[ 18%] \x1b[32mBuilding CXX object CMakeFiles/rplidar_node.dir/sdk/src/arch/linux/timer.cpp.o\x1b[0m\n'}
[3.827740] (-) TimerEvent: {}
[3.831364] (rplidar_ros) StdoutLine: {'line': b'[ 21%] \x1b[32mBuilding CXX object CMakeFiles/rplidar_composition.dir/sdk/src/arch/linux/net_socket.cpp.o\x1b[0m\n'}
[3.842183] (rplidar_ros) StdoutLine: {'line': b'[ 23%] \x1b[32mBuilding CXX object CMakeFiles/rplidar_node.dir/sdk/src/dataunpacker/dataunpacker.cpp.o\x1b[0m\n'}
[3.928111] (-) TimerEvent: {}
[4.029407] (-) TimerEvent: {}
[4.130637] (-) TimerEvent: {}
[4.231903] (-) TimerEvent: {}
[4.333197] (-) TimerEvent: {}
[4.434445] (-) TimerEvent: {}
[4.535669] (-) TimerEvent: {}
[4.637019] (-) TimerEvent: {}
[4.738342] (-) TimerEvent: {}
[4.839604] (-) TimerEvent: {}
[4.886637] (rplidar_ros) StderrLine: {'line': b'In file included from \x1b[01m\x1b[K/home/ltr/aizee/jetson_ws/src/rplidar_ros/sdk/include/rplidar_protocol.h:36\x1b[m\x1b[K,\n'}
[4.887731] (rplidar_ros) StdoutLine: {'line': b'[ 26%] \x1b[32mBuilding CXX object CMakeFiles/rplidar_node.dir/sdk/src/dataunpacker/unpacker/handler_capsules.cpp.o\x1b[0m\n'}
[4.888071] (rplidar_ros) StderrLine: {'line': b'                 from \x1b[01m\x1b[K/home/ltr/aizee/jetson_ws/src/rplidar_ros/sdk/include/rplidar.h:39\x1b[m\x1b[K,\n'}
[4.888265] (rplidar_ros) StderrLine: {'line': b'                 from \x1b[01m\x1b[K/home/ltr/aizee/jetson_ws/src/rplidar_ros/sdk/src/sdkcommon.h:49\x1b[m\x1b[K,\n'}
[4.888772] (rplidar_ros) StderrLine: {'line': b'                 from \x1b[01m\x1b[K/home/ltr/aizee/jetson_ws/src/rplidar_ros/sdk/src/arch/linux/net_socket.cpp:10\x1b[m\x1b[K:\n'}
[4.889030] (rplidar_ros) StderrLine: {'line': b'\x1b[01m\x1b[K/home/ltr/aizee/jetson_ws/src/rplidar_ros/sdk/include/sl_lidar_protocol.h:66:16:\x1b[m\x1b[K \x1b[01;35m\x1b[Kwarning: \x1b[m\x1b[KISO C++ forbids zero-size array \xe2\x80\x98\x1b[01m\x1b[Kdata\x1b[m\x1b[K\xe2\x80\x99 [\x1b[01;35m\x1b[K\x1b]8;;https://gcc.gnu.org/onlinedocs/gcc/Warning-Options.html#index-Wpedantic\x07-Wpedantic\x1b]8;;\x07\x1b[m\x1b[K]\n'}
[4.889643] (rplidar_ros) StderrLine: {'line': b'   66 |     sl_u8 data[\x1b[01;35m\x1b[K0\x1b[m\x1b[K];\n'}
[4.889808] (rplidar_ros) StderrLine: {'line': b'      |                \x1b[01;35m\x1b[K^\x1b[m\x1b[K\n'}
[4.889951] (rplidar_ros) StderrLine: {'line': b'In file included from \x1b[01m\x1b[K/home/ltr/aizee/jetson_ws/src/rplidar_ros/sdk/include/rplidar_cmd.h:36\x1b[m\x1b[K,\n'}
[4.890086] (rplidar_ros) StderrLine: {'line': b'                 from \x1b[01m\x1b[K/home/ltr/aizee/jetson_ws/src/rplidar_ros/sdk/include/rplidar.h:40\x1b[m\x1b[K,\n'}
[4.890214] (rplidar_ros) StderrLine: {'line': b'                 from \x1b[01m\x1b[K/home/ltr/aizee/jetson_ws/src/rplidar_ros/sdk/src/sdkcommon.h:49\x1b[m\x1b[K,\n'}
[4.890343] (rplidar_ros) StderrLine: {'line': b'                 from \x1b[01m\x1b[K/home/ltr/aizee/jetson_ws/src/rplidar_ros/sdk/src/arch/linux/net_socket.cpp:10\x1b[m\x1b[K:\n'}
[4.890470] (rplidar_ros) StderrLine: {'line': b'\x1b[01m\x1b[K/home/ltr/aizee/jetson_ws/src/rplidar_ros/sdk/include/sl_lidar_cmd.h:324:20:\x1b[m\x1b[K \x1b[01;35m\x1b[Kwarning: \x1b[m\x1b[KISO C++ forbids zero-size array \xe2\x80\x98\x1b[01m\x1b[Kpayload\x1b[m\x1b[K\xe2\x80\x99 [\x1b[01;35m\x1b[K\x1b]8;;https://gcc.gnu.org/onlinedocs/gcc/Warning-Options.html#index-Wpedantic\x07-Wpedantic\x1b]8;;\x07\x1b[m\x1b[K]\n'}
[4.890610] (rplidar_ros) StderrLine: {'line': b'  324 |     sl_u8  payload[\x1b[01;35m\x1b[K0\x1b[m\x1b[K];\n'}
[4.890735] (rplidar_ros) StderrLine: {'line': b'      |                    \x1b[01;35m\x1b[K^\x1b[m\x1b[K\n'}
[4.918367] (rplidar_ros) StderrLine: {'line': b'In file included from \x1b[01m\x1b[K/home/ltr/aizee/jetson_ws/src/rplidar_ros/sdk/include/rplidar_protocol.h:36\x1b[m\x1b[K,\n'}
[4.919344] (rplidar_ros) StderrLine: {'line': b'                 from \x1b[01m\x1b[K/home/ltr/aizee/jetson_ws/src/rplidar_ros/sdk/include/rplidar.h:39\x1b[m\x1b[K,\n'}
[4.919639] (rplidar_ros) StderrLine: {'line': b'                 from \x1b[01m\x1b[K/home/ltr/aizee/jetson_ws/src/rplidar_ros/sdk/src/sdkcommon.h:49\x1b[m\x1b[K,\n'}
[4.919823] (rplidar_ros) StderrLine: {'line': b'                 from \x1b[01m\x1b[K/home/ltr/aizee/jetson_ws/src/rplidar_ros/sdk/src/dataunpacker/dataunnpacker_commondef.h:41\x1b[m\x1b[K,\n'}
[4.919983] (rplidar_ros) StderrLine: {'line': b'                 from \x1b[01m\x1b[K/home/ltr/aizee/jetson_ws/src/rplidar_ros/sdk/src/dataunpacker/dataunpacker.cpp:39\x1b[m\x1b[K:\n'}
[4.920135] (rplidar_ros) StderrLine: {'line': b'\x1b[01m\x1b[K/home/ltr/aizee/jetson_ws/src/rplidar_ros/sdk/include/sl_lidar_protocol.h:66:16:\x1b[m\x1b[K \x1b[01;35m\x1b[Kwarning: \x1b[m\x1b[KISO C++ forbids zero-size array \xe2\x80\x98\x1b[01m\x1b[Kdata\x1b[m\x1b[K\xe2\x80\x99 [\x1b[01;35m\x1b[K\x1b]8;;https://gcc.gnu.org/onlinedocs/gcc/Warning-Options.html#index-Wpedantic\x07-Wpedantic\x1b]8;;\x07\x1b[m\x1b[K]\n'}
[4.920295] (rplidar_ros) StderrLine: {'line': b'   66 |     sl_u8 data[\x1b[01;35m\x1b[K0\x1b[m\x1b[K];\n'}
[4.920433] (rplidar_ros) StderrLine: {'line': b'      |                \x1b[01;35m\x1b[K^\x1b[m\x1b[K\n'}
[4.920559] (rplidar_ros) StderrLine: {'line': b'In file included from \x1b[01m\x1b[K/home/ltr/aizee/jetson_ws/src/rplidar_ros/sdk/include/rplidar_cmd.h:36\x1b[m\x1b[K,\n'}
[4.920685] (rplidar_ros) StderrLine: {'line': b'                 from \x1b[01m\x1b[K/home/ltr/aizee/jetson_ws/src/rplidar_ros/sdk/include/rplidar.h:40\x1b[m\x1b[K,\n'}
[4.920807] (rplidar_ros) StderrLine: {'line': b'                 from \x1b[01m\x1b[K/home/ltr/aizee/jetson_ws/src/rplidar_ros/sdk/src/sdkcommon.h:49\x1b[m\x1b[K,\n'}
[4.921075] (rplidar_ros) StderrLine: {'line': b'                 from \x1b[01m\x1b[K/home/ltr/aizee/jetson_ws/src/rplidar_ros/sdk/src/dataunpacker/dataunnpacker_commondef.h:41\x1b[m\x1b[K,\n'}
[4.921234] (rplidar_ros) StderrLine: {'line': b'                 from \x1b[01m\x1b[K/home/ltr/aizee/jetson_ws/src/rplidar_ros/sdk/src/dataunpacker/dataunpacker.cpp:39\x1b[m\x1b[K:\n'}
[4.921371] (rplidar_ros) StderrLine: {'line': b'\x1b[01m\x1b[K/home/ltr/aizee/jetson_ws/src/rplidar_ros/sdk/include/sl_lidar_cmd.h:324:20:\x1b[m\x1b[K \x1b[01;35m\x1b[Kwarning: \x1b[m\x1b[KISO C++ forbids zero-size array \xe2\x80\x98\x1b[01m\x1b[Kpayload\x1b[m\x1b[K\xe2\x80\x99 [\x1b[01;35m\x1b[K\x1b]8;;https://gcc.gnu.org/onlinedocs/gcc/Warning-Options.html#index-Wpedantic\x07-Wpedantic\x1b]8;;\x07\x1b[m\x1b[K]\n'}
[4.921535] (rplidar_ros) StderrLine: {'line': b'  324 |     sl_u8  payload[\x1b[01;35m\x1b[K0\x1b[m\x1b[K];\n'}
[4.921666] (rplidar_ros) StderrLine: {'line': b'      |                    \x1b[01;35m\x1b[K^\x1b[m\x1b[K\n'}
[4.939919] (-) TimerEvent: {}
[5.041172] (-) TimerEvent: {}
[5.054285] (rplidar_ros) StderrLine: {'line': b'In file included from \x1b[01m\x1b[K/home/ltr/aizee/jetson_ws/src/rplidar_ros/sdk/src/arch/linux/arch_linux.h:42\x1b[m\x1b[K,\n'}
[5.055201] (rplidar_ros) StderrLine: {'line': b'                 from \x1b[01m\x1b[K/home/ltr/aizee/jetson_ws/src/rplidar_ros/sdk/src/sdkcommon.h:41\x1b[m\x1b[K,\n'}
[5.055454] (rplidar_ros) StderrLine: {'line': b'                 from \x1b[01m\x1b[K/home/ltr/aizee/jetson_ws/src/rplidar_ros/sdk/src/arch/linux/net_socket.cpp:10\x1b[m\x1b[K:\n'}
[5.055626] (rplidar_ros) StderrLine: {'line': b'\x1b[01m\x1b[K/home/ltr/aizee/jetson_ws/src/rplidar_ros/sdk/src/arch/linux/net_socket.cpp:\x1b[m\x1b[K In member function \xe2\x80\x98\x1b[01m\x1b[Kvirtual u_result rp::arch::net::DGramSocketImpl::sendTo(const rp::net::SocketAddress*, const void*, size_t)\x1b[m\x1b[K\xe2\x80\x99:\n'}
[5.055794] (rplidar_ros) StderrLine: {'line': b'\x1b[01m\x1b[K/home/ltr/aizee/jetson_ws/src/rplidar_ros/sdk/src/arch/linux/net_socket.cpp:733:24:\x1b[m\x1b[K \x1b[01;35m\x1b[Kwarning: \x1b[m\x1b[Kcomparison of integer expressions of different signedness: \xe2\x80\x98\x1b[01m\x1b[Kint\x1b[m\x1b[K\xe2\x80\x99 and \xe2\x80\x98\x1b[01m\x1b[Ksize_t\x1b[m\x1b[K\xe2\x80\x99 {aka \xe2\x80\x98\x1b[01m\x1b[Klong unsigned int\x1b[m\x1b[K\xe2\x80\x99} [\x1b[01;35m\x1b[K\x1b]8;;https://gcc.gnu.org/onlinedocs/gcc/Warning-Options.html#index-Wsign-compare\x07-Wsign-compare\x1b]8;;\x07\x1b[m\x1b[K]\n'}
[5.055958] (rplidar_ros) StderrLine: {'line': b'  733 |             assert(\x1b[01;35m\x1b[Kans == len\x1b[m\x1b[K);\n'}
[5.056100] (rplidar_ros) StderrLine: {'line': b'      |                    \x1b[01;35m\x1b[K~~~~^~~~~~\x1b[m\x1b[K\n'}
[5.141463] (-) TimerEvent: {}
[5.242692] (-) TimerEvent: {}
[5.343962] (-) TimerEvent: {}
[5.421426] (rplidar_ros) StderrLine: {'line': b'In file included from \x1b[01m\x1b[K/home/ltr/aizee/jetson_ws/src/rplidar_ros/sdk/src/dataunpacker/dataunpacker.cpp:40\x1b[m\x1b[K:\n'}
[5.422637] (rplidar_ros) StderrLine: {'line': b'\x1b[01m\x1b[K/home/ltr/aizee/jetson_ws/src/rplidar_ros/sdk/src/dataunpacker/dataunpacker.h:\x1b[m\x1b[K In member function \xe2\x80\x98\x1b[01m\x1b[Kvirtual void sl::internal::LIDARSampleDataListener::onCustomSampleDataDecoded(_u8, _u32, const void*, size_t)\x1b[m\x1b[K\xe2\x80\x99:\n'}
[5.423101] (rplidar_ros) StderrLine: {'line': b'\x1b[01m\x1b[K/home/ltr/aizee/jetson_ws/src/rplidar_ros/sdk/src/dataunpacker/dataunpacker.h:54:52:\x1b[m\x1b[K \x1b[01;35m\x1b[Kwarning: \x1b[m\x1b[Kunused parameter \xe2\x80\x98\x1b[01m\x1b[KansType\x1b[m\x1b[K\xe2\x80\x99 [\x1b[01;35m\x1b[K\x1b]8;;https://gcc.gnu.org/onlinedocs/gcc/Warning-Options.html#index-Wunused-parameter\x07-Wunused-parameter\x1b]8;;\x07\x1b[m\x1b[K]\n'}
[5.423289] (rplidar_ros) StderrLine: {'line': b'   54 |         virtual void onCustomSampleDataDecoded(\x1b[01;35m\x1b[K_u8 ansType\x1b[m\x1b[K, _u32 customCode, const void* data, size_t size) {}\n'}
[5.423476] (rplidar_ros) StderrLine: {'line': b'      |                                                \x1b[01;35m\x1b[K~~~~^~~~~~~\x1b[m\x1b[K\n'}
[5.423622] (rplidar_ros) StderrLine: {'line': b'\x1b[01m\x1b[K/home/ltr/aizee/jetson_ws/src/rplidar_ros/sdk/src/dataunpacker/dataunpacker.h:54:66:\x1b[m\x1b[K \x1b[01;35m\x1b[Kwarning: \x1b[m\x1b[Kunused parameter \xe2\x80\x98\x1b[01m\x1b[KcustomCode\x1b[m\x1b[K\xe2\x80\x99 [\x1b[01;35m\x1b[K\x1b]8;;https://gcc.gnu.org/onlinedocs/gcc/Warning-Options.html#index-Wunused-parameter\x07-Wunused-parameter\x1b]8;;\x07\x1b[m\x1b[K]\n'}
[5.423774] (rplidar_ros) StderrLine: {'line': b'   54 |   virtual void onCustomSampleDataDecoded(_u8 ansType, \x1b[01;35m\x1b[K_u32 customCode\x1b[m\x1b[K, const void* data, size_t size) {}\n'}
[5.423906] (rplidar_ros) StderrLine: {'line': b'      |                                                       \x1b[01;35m\x1b[K~~~~~^~~~~~~~~~\x1b[m\x1b[K\n'}
[5.424037] (rplidar_ros) StderrLine: {'line': b'\n'}
[5.424172] (rplidar_ros) StderrLine: {'line': b'\x1b[01m\x1b[K/home/ltr/aizee/jetson_ws/src/rplidar_ros/sdk/src/dataunpacker/dataunpacker.h:54:90:\x1b[m\x1b[K \x1b[01;35m\x1b[Kwarning: \x1b[m\x1b[Kunused parameter \xe2\x80\x98\x1b[01m\x1b[Kdata\x1b[m\x1b[K\xe2\x80\x99 [\x1b[01;35m\x1b[K\x1b]8;;https://gcc.gnu.org/onlinedocs/gcc/Warning-Options.html#index-Wunused-parameter\x07-Wunused-parameter\x1b]8;;\x07\x1b[m\x1b[K]\n'}
[5.424311] (rplidar_ros) StderrLine: {'line': b'   54 | ampleDataDecoded(_u8 ansType, _u32 customCode, \x1b[01;35m\x1b[Kconst void* data\x1b[m\x1b[K, size_t size) {}\n'}
[5.424443] (rplidar_ros) StderrLine: {'line': b'      |                                                \x1b[01;35m\x1b[K~~~~~~~~~~~~^~~~\x1b[m\x1b[K\n'}
[5.424569] (rplidar_ros) StderrLine: {'line': b'\n'}
[5.424691] (rplidar_ros) StderrLine: {'line': b'\x1b[01m\x1b[K/home/ltr/aizee/jetson_ws/src/rplidar_ros/sdk/src/dataunpacker/dataunpacker.h:54:103:\x1b[m\x1b[K \x1b[01;35m\x1b[Kwarning: \x1b[m\x1b[Kunused parameter \xe2\x80\x98\x1b[01m\x1b[Ksize\x1b[m\x1b[K\xe2\x80\x99 [\x1b[01;35m\x1b[K\x1b]8;;https://gcc.gnu.org/onlinedocs/gcc/Warning-Options.html#index-Wunused-parameter\x07-Wunused-parameter\x1b]8;;\x07\x1b[m\x1b[K]\n'}
[5.424821] (rplidar_ros) StderrLine: {'line': b'   54 | ecoded(_u8 ansType, _u32 customCode, const void* data, \x1b[01;35m\x1b[Ksize_t size\x1b[m\x1b[K) {}\n'}
[5.425056] (rplidar_ros) StderrLine: {'line': b'      |                                                        \x1b[01;35m\x1b[K~~~~~~~^~~~\x1b[m\x1b[K\n'}
[5.425183] (rplidar_ros) StderrLine: {'line': b'\n'}
[5.425306] (rplidar_ros) StderrLine: {'line': b'\x1b[01m\x1b[K/home/ltr/aizee/jetson_ws/src/rplidar_ros/sdk/src/dataunpacker/dataunpacker.h:\x1b[m\x1b[K In member function \xe2\x80\x98\x1b[01m\x1b[Kvirtual void sl::internal::LIDARSampleDataListener::onDecodingError(int, _u8, const void*, size_t)\x1b[m\x1b[K\xe2\x80\x99:\n'}
[5.425440] (rplidar_ros) StderrLine: {'line': b'\x1b[01m\x1b[K/home/ltr/aizee/jetson_ws/src/rplidar_ros/sdk/src/dataunpacker/dataunpacker.h:56:42:\x1b[m\x1b[K \x1b[01;35m\x1b[Kwarning: \x1b[m\x1b[Kunused parameter \xe2\x80\x98\x1b[01m\x1b[KerrMsg\x1b[m\x1b[K\xe2\x80\x99 [\x1b[01;35m\x1b[K\x1b]8;;https://gcc.gnu.org/onlinedocs/gcc/Warning-Options.html#index-Wunused-parameter\x07-Wunused-parameter\x1b]8;;\x07\x1b[m\x1b[K]\n'}
[5.425593] (rplidar_ros) StderrLine: {'line': b'   56 |         virtual void onDecodingError(\x1b[01;35m\x1b[Kint errMsg\x1b[m\x1b[K, _u8 ansType, const void* payload, size_t size) {}\n'}
[5.425727] (rplidar_ros) StderrLine: {'line': b'      |                                      \x1b[01;35m\x1b[K~~~~^~~~~~\x1b[m\x1b[K\n'}
[5.425848] (rplidar_ros) StderrLine: {'line': b'\x1b[01m\x1b[K/home/ltr/aizee/jetson_ws/src/rplidar_ros/sdk/src/dataunpacker/dataunpacker.h:56:54:\x1b[m\x1b[K \x1b[01;35m\x1b[Kwarning: \x1b[m\x1b[Kunused parameter \xe2\x80\x98\x1b[01m\x1b[KansType\x1b[m\x1b[K\xe2\x80\x99 [\x1b[01;35m\x1b[K\x1b]8;;https://gcc.gnu.org/onlinedocs/gcc/Warning-Options.html#index-Wunused-parameter\x07-Wunused-parameter\x1b]8;;\x07\x1b[m\x1b[K]\n'}
[5.426002] (rplidar_ros) StderrLine: {'line': b'   56 |         virtual void onDecodingError(int errMsg, \x1b[01;35m\x1b[K_u8 ansType\x1b[m\x1b[K, const void* payload, size_t size) {}\n'}
[5.426130] (rplidar_ros) StderrLine: {'line': b'      |                                                  \x1b[01;35m\x1b[K~~~~^~~~~~~\x1b[m\x1b[K\n'}
[5.426257] (rplidar_ros) StderrLine: {'line': b'\x1b[01m\x1b[K/home/ltr/aizee/jetson_ws/src/rplidar_ros/sdk/src/dataunpacker/dataunpacker.h:56:75:\x1b[m\x1b[K \x1b[01;35m\x1b[Kwarning: \x1b[m\x1b[Kunused parameter \xe2\x80\x98\x1b[01m\x1b[Kpayload\x1b[m\x1b[K\xe2\x80\x99 [\x1b[01;35m\x1b[K\x1b]8;;https://gcc.gnu.org/onlinedocs/gcc/Warning-Options.html#index-Wunused-parameter\x07-Wunused-parameter\x1b]8;;\x07\x1b[m\x1b[K]\n'}
[5.426391] (rplidar_ros) StderrLine: {'line': b'   56 |  void onDecodingError(int errMsg, _u8 ansType, \x1b[01;35m\x1b[Kconst void* payload\x1b[m\x1b[K, size_t size) {}\n'}
[5.426518] (rplidar_ros) StderrLine: {'line': b'      |                                                \x1b[01;35m\x1b[K~~~~~~~~~~~~^~~~~~~\x1b[m\x1b[K\n'}
[5.426642] (rplidar_ros) StderrLine: {'line': b'\n'}
[5.426764] (rplidar_ros) StderrLine: {'line': b'\x1b[01m\x1b[K/home/ltr/aizee/jetson_ws/src/rplidar_ros/sdk/src/dataunpacker/dataunpacker.h:56:91:\x1b[m\x1b[K \x1b[01;35m\x1b[Kwarning: \x1b[m\x1b[Kunused parameter \xe2\x80\x98\x1b[01m\x1b[Ksize\x1b[m\x1b[K\xe2\x80\x99 [\x1b[01;35m\x1b[K\x1b]8;;https://gcc.gnu.org/onlinedocs/gcc/Warning-Options.html#index-Wunused-parameter\x07-Wunused-parameter\x1b]8;;\x07\x1b[m\x1b[K]\n'}
[5.426926] (rplidar_ros) StderrLine: {'line': b'   56 | ingError(int errMsg, _u8 ansType, const void* payload, \x1b[01;35m\x1b[Ksize_t size\x1b[m\x1b[K) {}\n'}
[5.427053] (rplidar_ros) StderrLine: {'line': b'      |                                                        \x1b[01;35m\x1b[K~~~~~~~^~~~\x1b[m\x1b[K\n'}
[5.427175] (rplidar_ros) StderrLine: {'line': b'\n'}
[5.444348] (-) TimerEvent: {}
[5.544429] (rplidar_ros) StdoutLine: {'line': b'[ 28%] \x1b[32mBuilding CXX object CMakeFiles/rplidar_composition.dir/sdk/src/arch/linux/timer.cpp.o\x1b[0m\n'}
[5.545281] (-) TimerEvent: {}
[5.648102] (-) TimerEvent: {}
[5.774637] (-) TimerEvent: {}
[5.875907] (-) TimerEvent: {}
[5.903800] (rplidar_ros) StderrLine: {'line': b'In file included from \x1b[01m\x1b[K/home/ltr/aizee/jetson_ws/src/rplidar_ros/sdk/include/rplidar_protocol.h:36\x1b[m\x1b[K,\n'}
[5.904638] (rplidar_ros) StderrLine: {'line': b'                 from \x1b[01m\x1b[K/home/ltr/aizee/jetson_ws/src/rplidar_ros/sdk/include/rplidar.h:39\x1b[m\x1b[K,\n'}
[5.905275] (rplidar_ros) StderrLine: {'line': b'                 from \x1b[01m\x1b[K/home/ltr/aizee/jetson_ws/src/rplidar_ros/sdk/src/sdkcommon.h:49\x1b[m\x1b[K,\n'}
[5.905489] (rplidar_ros) StderrLine: {'line': b'                 from \x1b[01m\x1b[K/home/ltr/aizee/jetson_ws/src/rplidar_ros/sdk/src/dataunpacker/unpacker/../dataunnpacker_commondef.h:41\x1b[m\x1b[K,\n'}
[5.905654] (rplidar_ros) StderrLine: {'line': b'                 from \x1b[01m\x1b[K/home/ltr/aizee/jetson_ws/src/rplidar_ros/sdk/src/dataunpacker/unpacker/handler_capsules.cpp:39\x1b[m\x1b[K:\n'}
[5.905797] (rplidar_ros) StderrLine: {'line': b'\x1b[01m\x1b[K/home/ltr/aizee/jetson_ws/src/rplidar_ros/sdk/include/sl_lidar_protocol.h:66:16:\x1b[m\x1b[K \x1b[01;35m\x1b[Kwarning: \x1b[m\x1b[KISO C++ forbids zero-size array \xe2\x80\x98\x1b[01m\x1b[Kdata\x1b[m\x1b[K\xe2\x80\x99 [\x1b[01;35m\x1b[K\x1b]8;;https://gcc.gnu.org/onlinedocs/gcc/Warning-Options.html#index-Wpedantic\x07-Wpedantic\x1b]8;;\x07\x1b[m\x1b[K]\n'}
[5.905956] (rplidar_ros) StderrLine: {'line': b'   66 |     sl_u8 data[\x1b[01;35m\x1b[K0\x1b[m\x1b[K];\n'}
[5.906092] (rplidar_ros) StderrLine: {'line': b'      |                \x1b[01;35m\x1b[K^\x1b[m\x1b[K\n'}
[5.906224] (rplidar_ros) StderrLine: {'line': b'In file included from \x1b[01m\x1b[K/home/ltr/aizee/jetson_ws/src/rplidar_ros/sdk/include/rplidar_cmd.h:36\x1b[m\x1b[K,\n'}
[5.906351] (rplidar_ros) StderrLine: {'line': b'                 from \x1b[01m\x1b[K/home/ltr/aizee/jetson_ws/src/rplidar_ros/sdk/include/rplidar.h:40\x1b[m\x1b[K,\n'}
[5.906523] (rplidar_ros) StderrLine: {'line': b'                 from \x1b[01m\x1b[K/home/ltr/aizee/jetson_ws/src/rplidar_ros/sdk/src/sdkcommon.h:49\x1b[m\x1b[K,\n'}
[5.906651] (rplidar_ros) StderrLine: {'line': b'                 from \x1b[01m\x1b[K/home/ltr/aizee/jetson_ws/src/rplidar_ros/sdk/src/dataunpacker/unpacker/../dataunnpacker_commondef.h:41\x1b[m\x1b[K,\n'}
[5.906804] (rplidar_ros) StderrLine: {'line': b'                 from \x1b[01m\x1b[K/home/ltr/aizee/jetson_ws/src/rplidar_ros/sdk/src/dataunpacker/unpacker/handler_capsules.cpp:39\x1b[m\x1b[K:\n'}
[5.906939] (rplidar_ros) StderrLine: {'line': b'\x1b[01m\x1b[K/home/ltr/aizee/jetson_ws/src/rplidar_ros/sdk/include/sl_lidar_cmd.h:324:20:\x1b[m\x1b[K \x1b[01;35m\x1b[Kwarning: \x1b[m\x1b[KISO C++ forbids zero-size array \xe2\x80\x98\x1b[01m\x1b[Kpayload\x1b[m\x1b[K\xe2\x80\x99 [\x1b[01;35m\x1b[K\x1b]8;;https://gcc.gnu.org/onlinedocs/gcc/Warning-Options.html#index-Wpedantic\x07-Wpedantic\x1b]8;;\x07\x1b[m\x1b[K]\n'}
[5.907084] (rplidar_ros) StderrLine: {'line': b'  324 |     sl_u8  payload[\x1b[01;35m\x1b[K0\x1b[m\x1b[K];\n'}
[5.907209] (rplidar_ros) StderrLine: {'line': b'      |                    \x1b[01;35m\x1b[K^\x1b[m\x1b[K\n'}
[5.976302] (-) TimerEvent: {}
[6.073004] (rplidar_ros) StdoutLine: {'line': b'[ 31%] \x1b[32mBuilding CXX object CMakeFiles/rplidar_node.dir/sdk/src/dataunpacker/unpacker/handler_hqnode.cpp.o\x1b[0m\n'}
[6.076508] (-) TimerEvent: {}
[6.177554] (-) TimerEvent: {}
[6.278714] (-) TimerEvent: {}
[6.380151] (-) TimerEvent: {}
[6.383688] (rplidar_ros) StderrLine: {'line': b'In file included from \x1b[01m\x1b[K/home/ltr/aizee/jetson_ws/src/rplidar_ros/sdk/src/dataunpacker/unpacker/handler_capsules.cpp:40\x1b[m\x1b[K:\n'}
[6.385100] (rplidar_ros) StderrLine: {'line': b'\x1b[01m\x1b[K/home/ltr/aizee/jetson_ws/src/rplidar_ros/sdk/src/dataunpacker/unpacker/../dataunpacker.h:\x1b[m\x1b[K In member function \xe2\x80\x98\x1b[01m\x1b[Kvirtual void sl::internal::LIDARSampleDataListener::onCustomSampleDataDecoded(_u8, _u32, const void*, size_t)\x1b[m\x1b[K\xe2\x80\x99:\n'}
[6.385702] (rplidar_ros) StderrLine: {'line': b'\x1b[01m\x1b[K/home/ltr/aizee/jetson_ws/src/rplidar_ros/sdk/src/dataunpacker/unpacker/../dataunpacker.h:54:52:\x1b[m\x1b[K \x1b[01;35m\x1b[Kwarning: \x1b[m\x1b[Kunused parameter \xe2\x80\x98\x1b[01m\x1b[KansType\x1b[m\x1b[K\xe2\x80\x99 [\x1b[01;35m\x1b[K\x1b]8;;https://gcc.gnu.org/onlinedocs/gcc/Warning-Options.html#index-Wunused-parameter\x07-Wunused-parameter\x1b]8;;\x07\x1b[m\x1b[K]\n'}
[6.385933] (rplidar_ros) StderrLine: {'line': b'   54 |         virtual void onCustomSampleDataDecoded(\x1b[01;35m\x1b[K_u8 ansType\x1b[m\x1b[K, _u32 customCode, const void* data, size_t size) {}\n'}
[6.386108] (rplidar_ros) StderrLine: {'line': b'      |                                                \x1b[01;35m\x1b[K~~~~^~~~~~~\x1b[m\x1b[K\n'}
[6.386255] (rplidar_ros) StderrLine: {'line': b'\x1b[01m\x1b[K/home/ltr/aizee/jetson_ws/src/rplidar_ros/sdk/src/dataunpacker/unpacker/../dataunpacker.h:54:66:\x1b[m\x1b[K \x1b[01;35m\x1b[Kwarning: \x1b[m\x1b[Kunused parameter \xe2\x80\x98\x1b[01m\x1b[KcustomCode\x1b[m\x1b[K\xe2\x80\x99 [\x1b[01;35m\x1b[K\x1b]8;;https://gcc.gnu.org/onlinedocs/gcc/Warning-Options.html#index-Wunused-parameter\x07-Wunused-parameter\x1b]8;;\x07\x1b[m\x1b[K]\n'}
[6.386403] (rplidar_ros) StderrLine: {'line': b'   54 |   virtual void onCustomSampleDataDecoded(_u8 ansType, \x1b[01;35m\x1b[K_u32 customCode\x1b[m\x1b[K, const void* data, size_t size) {}\n'}
[6.386539] (rplidar_ros) StderrLine: {'line': b'      |                                                       \x1b[01;35m\x1b[K~~~~~^~~~~~~~~~\x1b[m\x1b[K\n'}
[6.386673] (rplidar_ros) StderrLine: {'line': b'\n'}
[6.386800] (rplidar_ros) StderrLine: {'line': b'\x1b[01m\x1b[K/home/ltr/aizee/jetson_ws/src/rplidar_ros/sdk/src/dataunpacker/unpacker/../dataunpacker.h:54:90:\x1b[m\x1b[K \x1b[01;35m\x1b[Kwarning: \x1b[m\x1b[Kunused parameter \xe2\x80\x98\x1b[01m\x1b[Kdata\x1b[m\x1b[K\xe2\x80\x99 [\x1b[01;35m\x1b[K\x1b]8;;https://gcc.gnu.org/onlinedocs/gcc/Warning-Options.html#index-Wunused-parameter\x07-Wunused-parameter\x1b]8;;\x07\x1b[m\x1b[K]\n'}
[6.387004] (rplidar_ros) StderrLine: {'line': b'   54 | ampleDataDecoded(_u8 ansType, _u32 customCode, \x1b[01;35m\x1b[Kconst void* data\x1b[m\x1b[K, size_t size) {}\n'}
[6.387139] (rplidar_ros) StderrLine: {'line': b'      |                                                \x1b[01;35m\x1b[K~~~~~~~~~~~~^~~~\x1b[m\x1b[K\n'}
[6.387270] (rplidar_ros) StderrLine: {'line': b'\n'}
[6.387393] (rplidar_ros) StderrLine: {'line': b'\x1b[01m\x1b[K/home/ltr/aizee/jetson_ws/src/rplidar_ros/sdk/src/dataunpacker/unpacker/../dataunpacker.h:54:103:\x1b[m\x1b[K \x1b[01;35m\x1b[Kwarning: \x1b[m\x1b[Kunused parameter \xe2\x80\x98\x1b[01m\x1b[Ksize\x1b[m\x1b[K\xe2\x80\x99 [\x1b[01;35m\x1b[K\x1b]8;;https://gcc.gnu.org/onlinedocs/gcc/Warning-Options.html#index-Wunused-parameter\x07-Wunused-parameter\x1b]8;;\x07\x1b[m\x1b[K]\n'}
[6.387532] (rplidar_ros) StderrLine: {'line': b'   54 | ecoded(_u8 ansType, _u32 customCode, const void* data, \x1b[01;35m\x1b[Ksize_t size\x1b[m\x1b[K) {}\n'}
[6.387656] (rplidar_ros) StderrLine: {'line': b'      |                                                        \x1b[01;35m\x1b[K~~~~~~~^~~~\x1b[m\x1b[K\n'}
[6.387781] (rplidar_ros) StderrLine: {'line': b'\n'}
[6.387904] (rplidar_ros) StderrLine: {'line': b'\x1b[01m\x1b[K/home/ltr/aizee/jetson_ws/src/rplidar_ros/sdk/src/dataunpacker/unpacker/../dataunpacker.h:\x1b[m\x1b[K In member function \xe2\x80\x98\x1b[01m\x1b[Kvirtual void sl::internal::LIDARSampleDataListener::onDecodingError(int, _u8, const void*, size_t)\x1b[m\x1b[K\xe2\x80\x99:\n'}
[6.388036] (rplidar_ros) StderrLine: {'line': b'\x1b[01m\x1b[K/home/ltr/aizee/jetson_ws/src/rplidar_ros/sdk/src/dataunpacker/unpacker/../dataunpacker.h:56:42:\x1b[m\x1b[K \x1b[01;35m\x1b[Kwarning: \x1b[m\x1b[Kunused parameter \xe2\x80\x98\x1b[01m\x1b[KerrMsg\x1b[m\x1b[K\xe2\x80\x99 [\x1b[01;35m\x1b[K\x1b]8;;https://gcc.gnu.org/onlinedocs/gcc/Warning-Options.html#index-Wunused-parameter\x07-Wunused-parameter\x1b]8;;\x07\x1b[m\x1b[K]\n'}
[6.388173] (rplidar_ros) StderrLine: {'line': b'   56 |         virtual void onDecodingError(\x1b[01;35m\x1b[Kint errMsg\x1b[m\x1b[K, _u8 ansType, const void* payload, size_t size) {}\n'}
[6.388302] (rplidar_ros) StderrLine: {'line': b'      |                                      \x1b[01;35m\x1b[K~~~~^~~~~~\x1b[m\x1b[K\n'}
[6.388453] (rplidar_ros) StderrLine: {'line': b'\x1b[01m\x1b[K/home/ltr/aizee/jetson_ws/src/rplidar_ros/sdk/src/dataunpacker/unpacker/../dataunpacker.h:56:54:\x1b[m\x1b[K \x1b[01;35m\x1b[Kwarning: \x1b[m\x1b[Kunused parameter \xe2\x80\x98\x1b[01m\x1b[KansType\x1b[m\x1b[K\xe2\x80\x99 [\x1b[01;35m\x1b[K\x1b]8;;https://gcc.gnu.org/onlinedocs/gcc/Warning-Options.html#index-Wunused-parameter\x07-Wunused-parameter\x1b]8;;\x07\x1b[m\x1b[K]\n'}
[6.388590] (rplidar_ros) StderrLine: {'line': b'   56 |         virtual void onDecodingError(int errMsg, \x1b[01;35m\x1b[K_u8 ansType\x1b[m\x1b[K, const void* payload, size_t size) {}\n'}
[6.388717] (rplidar_ros) StderrLine: {'line': b'      |                                                  \x1b[01;35m\x1b[K~~~~^~~~~~~\x1b[m\x1b[K\n'}
[6.388900] (rplidar_ros) StderrLine: {'line': b'\x1b[01m\x1b[K/home/ltr/aizee/jetson_ws/src/rplidar_ros/sdk/src/dataunpacker/unpacker/../dataunpacker.h:56:75:\x1b[m\x1b[K \x1b[01;35m\x1b[Kwarning: \x1b[m\x1b[Kunused parameter \xe2\x80\x98\x1b[01m\x1b[Kpayload\x1b[m\x1b[K\xe2\x80\x99 [\x1b[01;35m\x1b[K\x1b]8;;https://gcc.gnu.org/onlinedocs/gcc/Warning-Options.html#index-Wunused-parameter\x07-Wunused-parameter\x1b]8;;\x07\x1b[m\x1b[K]\n'}
[6.389077] (rplidar_ros) StderrLine: {'line': b'   56 |  void onDecodingError(int errMsg, _u8 ansType, \x1b[01;35m\x1b[Kconst void* payload\x1b[m\x1b[K, size_t size) {}\n'}
[6.389216] (rplidar_ros) StderrLine: {'line': b'      |                                                \x1b[01;35m\x1b[K~~~~~~~~~~~~^~~~~~~\x1b[m\x1b[K\n'}
[6.389345] (rplidar_ros) StderrLine: {'line': b'\n'}
[6.389468] (rplidar_ros) StderrLine: {'line': b'\x1b[01m\x1b[K/home/ltr/aizee/jetson_ws/src/rplidar_ros/sdk/src/dataunpacker/unpacker/../dataunpacker.h:56:91:\x1b[m\x1b[K \x1b[01;35m\x1b[Kwarning: \x1b[m\x1b[Kunused parameter \xe2\x80\x98\x1b[01m\x1b[Ksize\x1b[m\x1b[K\xe2\x80\x99 [\x1b[01;35m\x1b[K\x1b]8;;https://gcc.gnu.org/onlinedocs/gcc/Warning-Options.html#index-Wunused-parameter\x07-Wunused-parameter\x1b]8;;\x07\x1b[m\x1b[K]\n'}
[6.389650] (rplidar_ros) StderrLine: {'line': b'   56 | ingError(int errMsg, _u8 ansType, const void* payload, \x1b[01;35m\x1b[Ksize_t size\x1b[m\x1b[K) {}\n'}
[6.389784] (rplidar_ros) StderrLine: {'line': b'      |                                                        \x1b[01;35m\x1b[K~~~~~~~^~~~\x1b[m\x1b[K\n'}
[6.389910] (rplidar_ros) StderrLine: {'line': b'\n'}
[6.415468] (rplidar_ros) StderrLine: {'line': b'\x1b[01m\x1b[K/home/ltr/aizee/jetson_ws/src/rplidar_ros/sdk/src/dataunpacker/unpacker/handler_capsules.cpp:\x1b[m\x1b[K In member function \xe2\x80\x98\x1b[01m\x1b[Kvoid sl::internal::unpacker::UnpackerHandler_DenseCapsuleNode::_onScanNodeDenseCapsuleData(rplidar_response_dense_capsule_measurement_nodes_t&, sl::internal::LIDARSampleDataUnpackerInner*)\x1b[m\x1b[K\xe2\x80\x99:\n'}
[6.416515] (rplidar_ros) StderrLine: {'line': b'\x1b[01m\x1b[K/home/ltr/aizee/jetson_ws/src/rplidar_ros/sdk/src/dataunpacker/unpacker/handler_capsules.cpp:763:30:\x1b[m\x1b[K \x1b[01;35m\x1b[Kwarning: \x1b[m\x1b[Ktype qualifiers ignored on cast result type [\x1b[01;35m\x1b[K\x1b]8;;https://gcc.gnu.org/onlinedocs/gcc/Warning-Options.html#index-Wignored-qualifiers\x07-Wignored-qualifiers\x1b]8;;\x07\x1b[m\x1b[K]\n'}
[6.416807] (rplidar_ros) StderrLine: {'line': b'  763 |             const int dist = \x1b[01;35m\x1b[Kstatic_cast<const int>(_cached_previous_dense_capsuledata.cabins[pos].distance)\x1b[m\x1b[K;\n'}
[6.417078] (rplidar_ros) StderrLine: {'line': b'      |                              \x1b[01;35m\x1b[K^~~~~~~~~~~~~~~~~~~~~~~~~~~~~~~~~~~~~~~~~~~~~~~~~~~~~~~~~~~~~~~~~~~~~~~~~~~~~~~\x1b[m\x1b[K\n'}
[6.480516] (-) TimerEvent: {}
[6.581823] (-) TimerEvent: {}
[6.688074] (-) TimerEvent: {}
[6.738643] (rplidar_ros) StdoutLine: {'line': b'[ 34%] \x1b[32mBuilding CXX object CMakeFiles/rplidar_composition.dir/sdk/src/dataunpacker/dataunpacker.cpp.o\x1b[0m\n'}
[6.788475] (-) TimerEvent: {}
[6.870285] (rplidar_ros) StdoutLine: {'line': b'[ 36%] \x1b[32mBuilding CXX object CMakeFiles/rplidar_node.dir/sdk/src/dataunpacker/unpacker/handler_normalnode.cpp.o\x1b[0m\n'}
[6.888928] (-) TimerEvent: {}
[6.990157] (-) TimerEvent: {}
[7.091457] (-) TimerEvent: {}
[7.151811] (rplidar_ros) StderrLine: {'line': b'In file included from \x1b[01m\x1b[K/home/ltr/aizee/jetson_ws/src/rplidar_ros/sdk/include/rplidar_protocol.h:36\x1b[m\x1b[K,\n'}
[7.152875] (rplidar_ros) StderrLine: {'line': b'                 from \x1b[01m\x1b[K/home/ltr/aizee/jetson_ws/src/rplidar_ros/sdk/include/rplidar.h:39\x1b[m\x1b[K,\n'}
[7.153299] (rplidar_ros) StderrLine: {'line': b'                 from \x1b[01m\x1b[K/home/ltr/aizee/jetson_ws/src/rplidar_ros/sdk/src/sdkcommon.h:49\x1b[m\x1b[K,\n'}
[7.153616] (rplidar_ros) StderrLine: {'line': b'                 from \x1b[01m\x1b[K/home/ltr/aizee/jetson_ws/src/rplidar_ros/sdk/src/dataunpacker/unpacker/../dataunnpacker_commondef.h:41\x1b[m\x1b[K,\n'}
[7.153906] (rplidar_ros) StderrLine: {'line': b'                 from \x1b[01m\x1b[K/home/ltr/aizee/jetson_ws/src/rplidar_ros/sdk/src/dataunpacker/unpacker/handler_hqnode.cpp:39\x1b[m\x1b[K:\n'}
[7.154206] (rplidar_ros) StderrLine: {'line': b'\x1b[01m\x1b[K/home/ltr/aizee/jetson_ws/src/rplidar_ros/sdk/include/sl_lidar_protocol.h:66:16:\x1b[m\x1b[K \x1b[01;35m\x1b[Kwarning: \x1b[m\x1b[KISO C++ forbids zero-size array \xe2\x80\x98\x1b[01m\x1b[Kdata\x1b[m\x1b[K\xe2\x80\x99 [\x1b[01;35m\x1b[K\x1b]8;;https://gcc.gnu.org/onlinedocs/gcc/Warning-Options.html#index-Wpedantic\x07-Wpedantic\x1b]8;;\x07\x1b[m\x1b[K]\n'}
[7.154494] (rplidar_ros) StderrLine: {'line': b'   66 |     sl_u8 data[\x1b[01;35m\x1b[K0\x1b[m\x1b[K];\n'}
[7.154749] (rplidar_ros) StderrLine: {'line': b'      |                \x1b[01;35m\x1b[K^\x1b[m\x1b[K\n'}
[7.156502] (rplidar_ros) StderrLine: {'line': b'In file included from \x1b[01m\x1b[K/home/ltr/aizee/jetson_ws/src/rplidar_ros/sdk/include/rplidar_cmd.h:36\x1b[m\x1b[K,\n'}
[7.157229] (rplidar_ros) StderrLine: {'line': b'                 from \x1b[01m\x1b[K/home/ltr/aizee/jetson_ws/src/rplidar_ros/sdk/include/rplidar.h:40\x1b[m\x1b[K,\n'}
[7.157592] (rplidar_ros) StderrLine: {'line': b'                 from \x1b[01m\x1b[K/home/ltr/aizee/jetson_ws/src/rplidar_ros/sdk/src/sdkcommon.h:49\x1b[m\x1b[K,\n'}
[7.157886] (rplidar_ros) StderrLine: {'line': b'                 from \x1b[01m\x1b[K/home/ltr/aizee/jetson_ws/src/rplidar_ros/sdk/src/dataunpacker/unpacker/../dataunnpacker_commondef.h:41\x1b[m\x1b[K,\n'}
[7.158168] (rplidar_ros) StderrLine: {'line': b'                 from \x1b[01m\x1b[K/home/ltr/aizee/jetson_ws/src/rplidar_ros/sdk/src/dataunpacker/unpacker/handler_hqnode.cpp:39\x1b[m\x1b[K:\n'}
[7.158477] (rplidar_ros) StderrLine: {'line': b'\x1b[01m\x1b[K/home/ltr/aizee/jetson_ws/src/rplidar_ros/sdk/include/sl_lidar_cmd.h:324:20:\x1b[m\x1b[K \x1b[01;35m\x1b[Kwarning: \x1b[m\x1b[KISO C++ forbids zero-size array \xe2\x80\x98\x1b[01m\x1b[Kpayload\x1b[m\x1b[K\xe2\x80\x99 [\x1b[01;35m\x1b[K\x1b]8;;https://gcc.gnu.org/onlinedocs/gcc/Warning-Options.html#index-Wpedantic\x07-Wpedantic\x1b]8;;\x07\x1b[m\x1b[K]\n'}
[7.158771] (rplidar_ros) StderrLine: {'line': b'  324 |     sl_u8  payload[\x1b[01;35m\x1b[K0\x1b[m\x1b[K];\n'}
[7.159029] (rplidar_ros) StderrLine: {'line': b'      |                    \x1b[01;35m\x1b[K^\x1b[m\x1b[K\n'}
[7.191764] (-) TimerEvent: {}
[7.293098] (-) TimerEvent: {}
[7.394257] (-) TimerEvent: {}
[7.495515] (-) TimerEvent: {}
[7.596709] (-) TimerEvent: {}
[7.670270] (rplidar_ros) StderrLine: {'line': b'In file included from \x1b[01m\x1b[K/home/ltr/aizee/jetson_ws/src/rplidar_ros/sdk/src/dataunpacker/unpacker/handler_hqnode.cpp:40\x1b[m\x1b[K:\n'}
[7.671622] (rplidar_ros) StderrLine: {'line': b'\x1b[01m\x1b[K/home/ltr/aizee/jetson_ws/src/rplidar_ros/sdk/src/dataunpacker/unpacker/../dataunpacker.h:\x1b[m\x1b[K In member function \xe2\x80\x98\x1b[01m\x1b[Kvirtual void sl::internal::LIDARSampleDataListener::onCustomSampleDataDecoded(_u8, _u32, const void*, size_t)\x1b[m\x1b[K\xe2\x80\x99:\n'}
[7.671913] (rplidar_ros) StderrLine: {'line': b'\x1b[01m\x1b[K/home/ltr/aizee/jetson_ws/src/rplidar_ros/sdk/src/dataunpacker/unpacker/../dataunpacker.h:54:52:\x1b[m\x1b[K \x1b[01;35m\x1b[Kwarning: \x1b[m\x1b[Kunused parameter \xe2\x80\x98\x1b[01m\x1b[KansType\x1b[m\x1b[K\xe2\x80\x99 [\x1b[01;35m\x1b[K\x1b]8;;https://gcc.gnu.org/onlinedocs/gcc/Warning-Options.html#index-Wunused-parameter\x07-Wunused-parameter\x1b]8;;\x07\x1b[m\x1b[K]\n'}
[7.672122] (rplidar_ros) StderrLine: {'line': b'   54 |         virtual void onCustomSampleDataDecoded(\x1b[01;35m\x1b[K_u8 ansType\x1b[m\x1b[K, _u32 customCode, const void* data, size_t size) {}\n'}
[7.672291] (rplidar_ros) StderrLine: {'line': b'      |                                                \x1b[01;35m\x1b[K~~~~^~~~~~~\x1b[m\x1b[K\n'}
[7.672496] (rplidar_ros) StderrLine: {'line': b'\x1b[01m\x1b[K/home/ltr/aizee/jetson_ws/src/rplidar_ros/sdk/src/dataunpacker/unpacker/../dataunpacker.h:54:66:\x1b[m\x1b[K \x1b[01;35m\x1b[Kwarning: \x1b[m\x1b[Kunused parameter \xe2\x80\x98\x1b[01m\x1b[KcustomCode\x1b[m\x1b[K\xe2\x80\x99 [\x1b[01;35m\x1b[K\x1b]8;;https://gcc.gnu.org/onlinedocs/gcc/Warning-Options.html#index-Wunused-parameter\x07-Wunused-parameter\x1b]8;;\x07\x1b[m\x1b[K]\n'}
[7.672646] (rplidar_ros) StderrLine: {'line': b'   54 |   virtual void onCustomSampleDataDecoded(_u8 ansType, \x1b[01;35m\x1b[K_u32 customCode\x1b[m\x1b[K, const void* data, size_t size) {}\n'}
[7.672784] (rplidar_ros) StderrLine: {'line': b'      |                                                       \x1b[01;35m\x1b[K~~~~~^~~~~~~~~~\x1b[m\x1b[K\n'}
[7.673027] (rplidar_ros) StderrLine: {'line': b'\n'}
[7.673179] (rplidar_ros) StderrLine: {'line': b'\x1b[01m\x1b[K/home/ltr/aizee/jetson_ws/src/rplidar_ros/sdk/src/dataunpacker/unpacker/../dataunpacker.h:54:90:\x1b[m\x1b[K \x1b[01;35m\x1b[Kwarning: \x1b[m\x1b[Kunused parameter \xe2\x80\x98\x1b[01m\x1b[Kdata\x1b[m\x1b[K\xe2\x80\x99 [\x1b[01;35m\x1b[K\x1b]8;;https://gcc.gnu.org/onlinedocs/gcc/Warning-Options.html#index-Wunused-parameter\x07-Wunused-parameter\x1b]8;;\x07\x1b[m\x1b[K]\n'}
[7.673367] (rplidar_ros) StderrLine: {'line': b'   54 | ampleDataDecoded(_u8 ansType, _u32 customCode, \x1b[01;35m\x1b[Kconst void* data\x1b[m\x1b[K, size_t size) {}\n'}
[7.673510] (rplidar_ros) StderrLine: {'line': b'      |                                                \x1b[01;35m\x1b[K~~~~~~~~~~~~^~~~\x1b[m\x1b[K\n'}
[7.673642] (rplidar_ros) StderrLine: {'line': b'\n'}
[7.673764] (rplidar_ros) StderrLine: {'line': b'\x1b[01m\x1b[K/home/ltr/aizee/jetson_ws/src/rplidar_ros/sdk/src/dataunpacker/unpacker/../dataunpacker.h:54:103:\x1b[m\x1b[K \x1b[01;35m\x1b[Kwarning: \x1b[m\x1b[Kunused parameter \xe2\x80\x98\x1b[01m\x1b[Ksize\x1b[m\x1b[K\xe2\x80\x99 [\x1b[01;35m\x1b[K\x1b]8;;https://gcc.gnu.org/onlinedocs/gcc/Warning-Options.html#index-Wunused-parameter\x07-Wunused-parameter\x1b]8;;\x07\x1b[m\x1b[K]\n'}
[7.673924] (rplidar_ros) StderrLine: {'line': b'   54 | ecoded(_u8 ansType, _u32 customCode, const void* data, \x1b[01;35m\x1b[Ksize_t size\x1b[m\x1b[K) {}\n'}
[7.674050] (rplidar_ros) StderrLine: {'line': b'      |                                                        \x1b[01;35m\x1b[K~~~~~~~^~~~\x1b[m\x1b[K\n'}
[7.674177] (rplidar_ros) StderrLine: {'line': b'\n'}
[7.674304] (rplidar_ros) StderrLine: {'line': b'\x1b[01m\x1b[K/home/ltr/aizee/jetson_ws/src/rplidar_ros/sdk/src/dataunpacker/unpacker/../dataunpacker.h:\x1b[m\x1b[K In member function \xe2\x80\x98\x1b[01m\x1b[Kvirtual void sl::internal::LIDARSampleDataListener::onDecodingError(int, _u8, const void*, size_t)\x1b[m\x1b[K\xe2\x80\x99:\n'}
[7.674440] (rplidar_ros) StderrLine: {'line': b'\x1b[01m\x1b[K/home/ltr/aizee/jetson_ws/src/rplidar_ros/sdk/src/dataunpacker/unpacker/../dataunpacker.h:56:42:\x1b[m\x1b[K \x1b[01;35m\x1b[Kwarning: \x1b[m\x1b[Kunused parameter \xe2\x80\x98\x1b[01m\x1b[KerrMsg\x1b[m\x1b[K\xe2\x80\x99 [\x1b[01;35m\x1b[K\x1b]8;;https://gcc.gnu.org/onlinedocs/gcc/Warning-Options.html#index-Wunused-parameter\x07-Wunused-parameter\x1b]8;;\x07\x1b[m\x1b[K]\n'}
[7.674572] (rplidar_ros) StderrLine: {'line': b'   56 |         virtual void onDecodingError(\x1b[01;35m\x1b[Kint errMsg\x1b[m\x1b[K, _u8 ansType, const void* payload, size_t size) {}\n'}
[7.674724] (rplidar_ros) StderrLine: {'line': b'      |                                      \x1b[01;35m\x1b[K~~~~^~~~~~\x1b[m\x1b[K\n'}
[7.674853] (rplidar_ros) StderrLine: {'line': b'\x1b[01m\x1b[K/home/ltr/aizee/jetson_ws/src/rplidar_ros/sdk/src/dataunpacker/unpacker/../dataunpacker.h:56:54:\x1b[m\x1b[K \x1b[01;35m\x1b[Kwarning: \x1b[m\x1b[Kunused parameter \xe2\x80\x98\x1b[01m\x1b[KansType\x1b[m\x1b[K\xe2\x80\x99 [\x1b[01;35m\x1b[K\x1b]8;;https://gcc.gnu.org/onlinedocs/gcc/Warning-Options.html#index-Wunused-parameter\x07-Wunused-parameter\x1b]8;;\x07\x1b[m\x1b[K]\n'}
[7.675000] (rplidar_ros) StderrLine: {'line': b'   56 |         virtual void onDecodingError(int errMsg, \x1b[01;35m\x1b[K_u8 ansType\x1b[m\x1b[K, const void* payload, size_t size) {}\n'}
[7.675128] (rplidar_ros) StderrLine: {'line': b'      |                                                  \x1b[01;35m\x1b[K~~~~^~~~~~~\x1b[m\x1b[K\n'}
[7.675254] (rplidar_ros) StderrLine: {'line': b'\x1b[01m\x1b[K/home/ltr/aizee/jetson_ws/src/rplidar_ros/sdk/src/dataunpacker/unpacker/../dataunpacker.h:56:75:\x1b[m\x1b[K \x1b[01;35m\x1b[Kwarning: \x1b[m\x1b[Kunused parameter \xe2\x80\x98\x1b[01m\x1b[Kpayload\x1b[m\x1b[K\xe2\x80\x99 [\x1b[01;35m\x1b[K\x1b]8;;https://gcc.gnu.org/onlinedocs/gcc/Warning-Options.html#index-Wunused-parameter\x07-Wunused-parameter\x1b]8;;\x07\x1b[m\x1b[K]\n'}
[7.675384] (rplidar_ros) StderrLine: {'line': b'   56 |  void onDecodingError(int errMsg, _u8 ansType, \x1b[01;35m\x1b[Kconst void* payload\x1b[m\x1b[K, size_t size) {}\n'}
[7.675515] (rplidar_ros) StderrLine: {'line': b'      |                                                \x1b[01;35m\x1b[K~~~~~~~~~~~~^~~~~~~\x1b[m\x1b[K\n'}
[7.675647] (rplidar_ros) StderrLine: {'line': b'\n'}
[7.675774] (rplidar_ros) StderrLine: {'line': b'\x1b[01m\x1b[K/home/ltr/aizee/jetson_ws/src/rplidar_ros/sdk/src/dataunpacker/unpacker/../dataunpacker.h:56:91:\x1b[m\x1b[K \x1b[01;35m\x1b[Kwarning: \x1b[m\x1b[Kunused parameter \xe2\x80\x98\x1b[01m\x1b[Ksize\x1b[m\x1b[K\xe2\x80\x99 [\x1b[01;35m\x1b[K\x1b]8;;https://gcc.gnu.org/onlinedocs/gcc/Warning-Options.html#index-Wunused-parameter\x07-Wunused-parameter\x1b]8;;\x07\x1b[m\x1b[K]\n'}
[7.676432] (rplidar_ros) StderrLine: {'line': b'   56 | ingError(int errMsg, _u8 ansType, const void* payload, \x1b[01;35m\x1b[Ksize_t size\x1b[m\x1b[K) {}\n'}
[7.676703] (rplidar_ros) StderrLine: {'line': b'      |                                                        \x1b[01;35m\x1b[K~~~~~~~^~~~\x1b[m\x1b[K\n'}
[7.677008] (rplidar_ros) StderrLine: {'line': b'\n'}
[7.697122] (-) TimerEvent: {}
[7.798394] (-) TimerEvent: {}
[7.833499] (rplidar_ros) StderrLine: {'line': b'In file included from \x1b[01m\x1b[K/home/ltr/aizee/jetson_ws/src/rplidar_ros/sdk/include/rplidar_protocol.h:36\x1b[m\x1b[K,\n'}
[7.834670] (rplidar_ros) StderrLine: {'line': b'                 from \x1b[01m\x1b[K/home/ltr/aizee/jetson_ws/src/rplidar_ros/sdk/include/rplidar.h:39\x1b[m\x1b[K,\n'}
[7.835085] (rplidar_ros) StderrLine: {'line': b'                 from \x1b[01m\x1b[K/home/ltr/aizee/jetson_ws/src/rplidar_ros/sdk/src/sdkcommon.h:49\x1b[m\x1b[K,\n'}
[7.835287] (rplidar_ros) StderrLine: {'line': b'                 from \x1b[01m\x1b[K/home/ltr/aizee/jetson_ws/src/rplidar_ros/sdk/src/dataunpacker/dataunnpacker_commondef.h:41\x1b[m\x1b[K,\n'}
[7.835452] (rplidar_ros) StderrLine: {'line': b'                 from \x1b[01m\x1b[K/home/ltr/aizee/jetson_ws/src/rplidar_ros/sdk/src/dataunpacker/dataunpacker.cpp:39\x1b[m\x1b[K:\n'}
[7.835598] (rplidar_ros) StderrLine: {'line': b'\x1b[01m\x1b[K/home/ltr/aizee/jetson_ws/src/rplidar_ros/sdk/include/sl_lidar_protocol.h:66:16:\x1b[m\x1b[K \x1b[01;35m\x1b[Kwarning: \x1b[m\x1b[KISO C++ forbids zero-size array \xe2\x80\x98\x1b[01m\x1b[Kdata\x1b[m\x1b[K\xe2\x80\x99 [\x1b[01;35m\x1b[K\x1b]8;;https://gcc.gnu.org/onlinedocs/gcc/Warning-Options.html#index-Wpedantic\x07-Wpedantic\x1b]8;;\x07\x1b[m\x1b[K]\n'}
[7.835768] (rplidar_ros) StderrLine: {'line': b'   66 |     sl_u8 data[\x1b[01;35m\x1b[K0\x1b[m\x1b[K];\n'}
[7.835898] (rplidar_ros) StderrLine: {'line': b'      |                \x1b[01;35m\x1b[K^\x1b[m\x1b[K\n'}
[7.836024] (rplidar_ros) StderrLine: {'line': b'In file included from \x1b[01m\x1b[K/home/ltr/aizee/jetson_ws/src/rplidar_ros/sdk/include/rplidar_cmd.h:36\x1b[m\x1b[K,\n'}
[7.836152] (rplidar_ros) StderrLine: {'line': b'                 from \x1b[01m\x1b[K/home/ltr/aizee/jetson_ws/src/rplidar_ros/sdk/include/rplidar.h:40\x1b[m\x1b[K,\n'}
[7.836276] (rplidar_ros) StderrLine: {'line': b'                 from \x1b[01m\x1b[K/home/ltr/aizee/jetson_ws/src/rplidar_ros/sdk/src/sdkcommon.h:49\x1b[m\x1b[K,\n'}
[7.836398] (rplidar_ros) StderrLine: {'line': b'                 from \x1b[01m\x1b[K/home/ltr/aizee/jetson_ws/src/rplidar_ros/sdk/src/dataunpacker/dataunnpacker_commondef.h:41\x1b[m\x1b[K,\n'}
[7.836566] (rplidar_ros) StderrLine: {'line': b'                 from \x1b[01m\x1b[K/home/ltr/aizee/jetson_ws/src/rplidar_ros/sdk/src/dataunpacker/dataunpacker.cpp:39\x1b[m\x1b[K:\n'}
[7.836699] (rplidar_ros) StderrLine: {'line': b'\x1b[01m\x1b[K/home/ltr/aizee/jetson_ws/src/rplidar_ros/sdk/include/sl_lidar_cmd.h:324:20:\x1b[m\x1b[K \x1b[01;35m\x1b[Kwarning: \x1b[m\x1b[KISO C++ forbids zero-size array \xe2\x80\x98\x1b[01m\x1b[Kpayload\x1b[m\x1b[K\xe2\x80\x99 [\x1b[01;35m\x1b[K\x1b]8;;https://gcc.gnu.org/onlinedocs/gcc/Warning-Options.html#index-Wpedantic\x07-Wpedantic\x1b]8;;\x07\x1b[m\x1b[K]\n'}
[7.836919] (rplidar_ros) StderrLine: {'line': b'  324 |     sl_u8  payload[\x1b[01;35m\x1b[K0\x1b[m\x1b[K];\n'}
[7.837086] (rplidar_ros) StderrLine: {'line': b'      |                    \x1b[01;35m\x1b[K^\x1b[m\x1b[K\n'}
[7.883760] (rplidar_ros) StderrLine: {'line': b'In file included from \x1b[01m\x1b[K/home/ltr/aizee/jetson_ws/src/rplidar_ros/sdk/include/rplidar_protocol.h:36\x1b[m\x1b[K,\n'}
[7.884978] (rplidar_ros) StderrLine: {'line': b'                 from \x1b[01m\x1b[K/home/ltr/aizee/jetson_ws/src/rplidar_ros/sdk/include/rplidar.h:39\x1b[m\x1b[K,\n'}
[7.885341] (rplidar_ros) StderrLine: {'line': b'                 from \x1b[01m\x1b[K/home/ltr/aizee/jetson_ws/src/rplidar_ros/sdk/src/sdkcommon.h:49\x1b[m\x1b[K,\n'}
[7.885541] (rplidar_ros) StderrLine: {'line': b'                 from \x1b[01m\x1b[K/home/ltr/aizee/jetson_ws/src/rplidar_ros/sdk/src/dataunpacker/unpacker/../dataunnpacker_commondef.h:41\x1b[m\x1b[K,\n'}
[7.885698] (rplidar_ros) StderrLine: {'line': b'                 from \x1b[01m\x1b[K/home/ltr/aizee/jetson_ws/src/rplidar_ros/sdk/src/dataunpacker/unpacker/handler_normalnode.cpp:39\x1b[m\x1b[K:\n'}
[7.885838] (rplidar_ros) StderrLine: {'line': b'\x1b[01m\x1b[K/home/ltr/aizee/jetson_ws/src/rplidar_ros/sdk/include/sl_lidar_protocol.h:66:16:\x1b[m\x1b[K \x1b[01;35m\x1b[Kwarning: \x1b[m\x1b[KISO C++ forbids zero-size array \xe2\x80\x98\x1b[01m\x1b[Kdata\x1b[m\x1b[K\xe2\x80\x99 [\x1b[01;35m\x1b[K\x1b]8;;https://gcc.gnu.org/onlinedocs/gcc/Warning-Options.html#index-Wpedantic\x07-Wpedantic\x1b]8;;\x07\x1b[m\x1b[K]\n'}
[7.886001] (rplidar_ros) StderrLine: {'line': b'   66 |     sl_u8 data[\x1b[01;35m\x1b[K0\x1b[m\x1b[K];\n'}
[7.886136] (rplidar_ros) StderrLine: {'line': b'      |                \x1b[01;35m\x1b[K^\x1b[m\x1b[K\n'}
[7.886262] (rplidar_ros) StderrLine: {'line': b'In file included from \x1b[01m\x1b[K/home/ltr/aizee/jetson_ws/src/rplidar_ros/sdk/include/rplidar_cmd.h:36\x1b[m\x1b[K,\n'}
[7.886390] (rplidar_ros) StderrLine: {'line': b'                 from \x1b[01m\x1b[K/home/ltr/aizee/jetson_ws/src/rplidar_ros/sdk/include/rplidar.h:40\x1b[m\x1b[K,\n'}
[7.886521] (rplidar_ros) StderrLine: {'line': b'                 from \x1b[01m\x1b[K/home/ltr/aizee/jetson_ws/src/rplidar_ros/sdk/src/sdkcommon.h:49\x1b[m\x1b[K,\n'}
[7.886653] (rplidar_ros) StderrLine: {'line': b'                 from \x1b[01m\x1b[K/home/ltr/aizee/jetson_ws/src/rplidar_ros/sdk/src/dataunpacker/unpacker/../dataunnpacker_commondef.h:41\x1b[m\x1b[K,\n'}
[7.886780] (rplidar_ros) StderrLine: {'line': b'                 from \x1b[01m\x1b[K/home/ltr/aizee/jetson_ws/src/rplidar_ros/sdk/src/dataunpacker/unpacker/handler_normalnode.cpp:39\x1b[m\x1b[K:\n'}
[7.886902] (rplidar_ros) StderrLine: {'line': b'\x1b[01m\x1b[K/home/ltr/aizee/jetson_ws/src/rplidar_ros/sdk/include/sl_lidar_cmd.h:324:20:\x1b[m\x1b[K \x1b[01;35m\x1b[Kwarning: \x1b[m\x1b[KISO C++ forbids zero-size array \xe2\x80\x98\x1b[01m\x1b[Kpayload\x1b[m\x1b[K\xe2\x80\x99 [\x1b[01;35m\x1b[K\x1b]8;;https://gcc.gnu.org/onlinedocs/gcc/Warning-Options.html#index-Wpedantic\x07-Wpedantic\x1b]8;;\x07\x1b[m\x1b[K]\n'}
[7.887039] (rplidar_ros) StderrLine: {'line': b'  324 |     sl_u8  payload[\x1b[01;35m\x1b[K0\x1b[m\x1b[K];\n'}
[7.887163] (rplidar_ros) StderrLine: {'line': b'      |                    \x1b[01;35m\x1b[K^\x1b[m\x1b[K\n'}
[7.898706] (-) TimerEvent: {}
[7.999926] (-) TimerEvent: {}
[8.058793] (rplidar_ros) StdoutLine: {'line': b'[ 39%] \x1b[32mBuilding CXX object CMakeFiles/rplidar_node.dir/sdk/src/hal/thread.cpp.o\x1b[0m\n'}
[8.100276] (-) TimerEvent: {}
[8.201614] (-) TimerEvent: {}
[8.302888] (-) TimerEvent: {}
[8.351906] (rplidar_ros) StderrLine: {'line': b'In file included from \x1b[01m\x1b[K/home/ltr/aizee/jetson_ws/src/rplidar_ros/sdk/src/dataunpacker/dataunpacker.cpp:40\x1b[m\x1b[K:\n'}
[8.352934] (rplidar_ros) StderrLine: {'line': b'\x1b[01m\x1b[K/home/ltr/aizee/jetson_ws/src/rplidar_ros/sdk/src/dataunpacker/dataunpacker.h:\x1b[m\x1b[K In member function \xe2\x80\x98\x1b[01m\x1b[Kvirtual void sl::internal::LIDARSampleDataListener::onCustomSampleDataDecoded(_u8, _u32, const void*, size_t)\x1b[m\x1b[K\xe2\x80\x99:\n'}
[8.353319] (rplidar_ros) StderrLine: {'line': b'\x1b[01m\x1b[K/home/ltr/aizee/jetson_ws/src/rplidar_ros/sdk/src/dataunpacker/dataunpacker.h:54:52:\x1b[m\x1b[K \x1b[01;35m\x1b[Kwarning: \x1b[m\x1b[Kunused parameter \xe2\x80\x98\x1b[01m\x1b[KansType\x1b[m\x1b[K\xe2\x80\x99 [\x1b[01;35m\x1b[K\x1b]8;;https://gcc.gnu.org/onlinedocs/gcc/Warning-Options.html#index-Wunused-parameter\x07-Wunused-parameter\x1b]8;;\x07\x1b[m\x1b[K]\n'}
[8.353705] (rplidar_ros) StderrLine: {'line': b'   54 |         virtual void onCustomSampleDataDecoded(\x1b[01;35m\x1b[K_u8 ansType\x1b[m\x1b[K, _u32 customCode, const void* data, size_t size) {}\n'}
[8.353979] (rplidar_ros) StderrLine: {'line': b'      |                                                \x1b[01;35m\x1b[K~~~~^~~~~~~\x1b[m\x1b[K\n'}
[8.354379] (rplidar_ros) StderrLine: {'line': b'\x1b[01m\x1b[K/home/ltr/aizee/jetson_ws/src/rplidar_ros/sdk/src/dataunpacker/dataunpacker.h:54:66:\x1b[m\x1b[K \x1b[01;35m\x1b[Kwarning: \x1b[m\x1b[Kunused parameter \xe2\x80\x98\x1b[01m\x1b[KcustomCode\x1b[m\x1b[K\xe2\x80\x99 [\x1b[01;35m\x1b[K\x1b]8;;https://gcc.gnu.org/onlinedocs/gcc/Warning-Options.html#index-Wunused-parameter\x07-Wunused-parameter\x1b]8;;\x07\x1b[m\x1b[K]\n'}
[8.354689] (rplidar_ros) StderrLine: {'line': b'   54 |   virtual void onCustomSampleDataDecoded(_u8 ansType, \x1b[01;35m\x1b[K_u32 customCode\x1b[m\x1b[K, const void* data, size_t size) {}\n'}
[8.354955] (rplidar_ros) StderrLine: {'line': b'      |                                                       \x1b[01;35m\x1b[K~~~~~^~~~~~~~~~\x1b[m\x1b[K\n'}
[8.355187] (rplidar_ros) StderrLine: {'line': b'\n'}
[8.355521] (rplidar_ros) StderrLine: {'line': b'\x1b[01m\x1b[K/home/ltr/aizee/jetson_ws/src/rplidar_ros/sdk/src/dataunpacker/dataunpacker.h:54:90:\x1b[m\x1b[K \x1b[01;35m\x1b[Kwarning: \x1b[m\x1b[Kunused parameter \xe2\x80\x98\x1b[01m\x1b[Kdata\x1b[m\x1b[K\xe2\x80\x99 [\x1b[01;35m\x1b[K\x1b]8;;https://gcc.gnu.org/onlinedocs/gcc/Warning-Options.html#index-Wunused-parameter\x07-Wunused-parameter\x1b]8;;\x07\x1b[m\x1b[K]\n'}
[8.355844] (rplidar_ros) StderrLine: {'line': b'   54 | ampleDataDecoded(_u8 ansType, _u32 customCode, \x1b[01;35m\x1b[Kconst void* data\x1b[m\x1b[K, size_t size) {}\n'}
[8.356116] (rplidar_ros) StderrLine: {'line': b'      |                                                \x1b[01;35m\x1b[K~~~~~~~~~~~~^~~~\x1b[m\x1b[K\n'}
[8.356347] (rplidar_ros) StderrLine: {'line': b'\n'}
[8.357475] (rplidar_ros) StderrLine: {'line': b'In file included from \x1b[01m\x1b[K/home/ltr/aizee/jetson_ws/src/rplidar_ros/sdk/src/dataunpacker/unpacker/handler_normalnode.cpp:40\x1b[m\x1b[K:\n'}
[8.357728] (rplidar_ros) StderrLine: {'line': b'\x1b[01m\x1b[K/home/ltr/aizee/jetson_ws/src/rplidar_ros/sdk/src/dataunpacker/unpacker/../dataunpacker.h:\x1b[m\x1b[K In member function \xe2\x80\x98\x1b[01m\x1b[Kvirtual void sl::internal::LIDARSampleDataListener::onCustomSampleDataDecoded(_u8, _u32, const void*, size_t)\x1b[m\x1b[K\xe2\x80\x99:\n'}
[8.357889] (rplidar_ros) StderrLine: {'line': b'\x1b[01m\x1b[K/home/ltr/aizee/jetson_ws/src/rplidar_ros/sdk/src/dataunpacker/unpacker/../dataunpacker.h:54:52:\x1b[m\x1b[K \x1b[01;35m\x1b[Kwarning: \x1b[m\x1b[Kunused parameter \xe2\x80\x98\x1b[01m\x1b[KansType\x1b[m\x1b[K\xe2\x80\x99 [\x1b[01;35m\x1b[K\x1b]8;;https://gcc.gnu.org/onlinedocs/gcc/Warning-Options.html#index-Wunused-parameter\x07-Wunused-parameter\x1b]8;;\x07\x1b[m\x1b[K]\n'}
[8.358041] (rplidar_ros) StderrLine: {'line': b'   54 |         virtual void onCustomSampleDataDecoded(\x1b[01;35m\x1b[K_u8 ansType\x1b[m\x1b[K, _u32 customCode, const void* data, size_t size) {}\n'}
[8.358175] (rplidar_ros) StderrLine: {'line': b'      |                                                \x1b[01;35m\x1b[K~~~~^~~~~~~\x1b[m\x1b[K\n'}
[8.358305] (rplidar_ros) StderrLine: {'line': b'\x1b[01m\x1b[K/home/ltr/aizee/jetson_ws/src/rplidar_ros/sdk/src/dataunpacker/unpacker/../dataunpacker.h:54:66:\x1b[m\x1b[K \x1b[01;35m\x1b[Kwarning: \x1b[m\x1b[Kunused parameter \xe2\x80\x98\x1b[01m\x1b[KcustomCode\x1b[m\x1b[K\xe2\x80\x99 [\x1b[01;35m\x1b[K\x1b]8;;https://gcc.gnu.org/onlinedocs/gcc/Warning-Options.html#index-Wunused-parameter\x07-Wunused-parameter\x1b]8;;\x07\x1b[m\x1b[K]\n'}
[8.358440] (rplidar_ros) StderrLine: {'line': b'   54 |   virtual void onCustomSampleDataDecoded(_u8 ansType, \x1b[01;35m\x1b[K_u32 customCode\x1b[m\x1b[K, const void* data, size_t size) {}\n'}
[8.358568] (rplidar_ros) StderrLine: {'line': b'      |                                                       \x1b[01;35m\x1b[K~~~~~^~~~~~~~~~\x1b[m\x1b[K\n'}
[8.358714] (rplidar_ros) StderrLine: {'line': b'\n'}
[8.358837] (rplidar_ros) StderrLine: {'line': b'\x1b[01m\x1b[K/home/ltr/aizee/jetson_ws/src/rplidar_ros/sdk/src/dataunpacker/unpacker/../dataunpacker.h:54:90:\x1b[m\x1b[K \x1b[01;35m\x1b[Kwarning: \x1b[m\x1b[Kunused parameter \xe2\x80\x98\x1b[01m\x1b[Kdata\x1b[m\x1b[K\xe2\x80\x99 [\x1b[01;35m\x1b[K\x1b]8;;https://gcc.gnu.org/onlinedocs/gcc/Warning-Options.html#index-Wunused-parameter\x07-Wunused-parameter\x1b]8;;\x07\x1b[m\x1b[K]\n'}
[8.358973] (rplidar_ros) StderrLine: {'line': b'   54 | ampleDataDecoded(_u8 ansType, _u32 customCode, \x1b[01;35m\x1b[Kconst void* data\x1b[m\x1b[K, size_t size) {}\n'}
[8.359102] (rplidar_ros) StderrLine: {'line': b'      |                                                \x1b[01;35m\x1b[K~~~~~~~~~~~~^~~~\x1b[m\x1b[K\n'}
[8.359227] (rplidar_ros) StderrLine: {'line': b'\n'}
[8.359349] (rplidar_ros) StderrLine: {'line': b'\x1b[01m\x1b[K/home/ltr/aizee/jetson_ws/src/rplidar_ros/sdk/src/dataunpacker/unpacker/../dataunpacker.h:54:103:\x1b[m\x1b[K \x1b[01;35m\x1b[Kwarning: \x1b[m\x1b[Kunused parameter \xe2\x80\x98\x1b[01m\x1b[Ksize\x1b[m\x1b[K\xe2\x80\x99 [\x1b[01;35m\x1b[K\x1b]8;;https://gcc.gnu.org/onlinedocs/gcc/Warning-Options.html#index-Wunused-parameter\x07-Wunused-parameter\x1b]8;;\x07\x1b[m\x1b[K]\n'}
[8.359478] (rplidar_ros) StderrLine: {'line': b'   54 | ecoded(_u8 ansType, _u32 customCode, const void* data, \x1b[01;35m\x1b[Ksize_t size\x1b[m\x1b[K) {}\n'}
[8.359600] (rplidar_ros) StderrLine: {'line': b'      |                                                        \x1b[01;35m\x1b[K~~~~~~~^~~~\x1b[m\x1b[K\n'}
[8.359722] (rplidar_ros) StderrLine: {'line': b'\n'}
[8.359844] (rplidar_ros) StderrLine: {'line': b'\x1b[01m\x1b[K/home/ltr/aizee/jetson_ws/src/rplidar_ros/sdk/src/dataunpacker/unpacker/../dataunpacker.h:\x1b[m\x1b[K In member function \xe2\x80\x98\x1b[01m\x1b[Kvirtual void sl::internal::LIDARSampleDataListener::onDecodingError(int, _u8, const void*, size_t)\x1b[m\x1b[K\xe2\x80\x99:\n'}
[8.359993] (rplidar_ros) StderrLine: {'line': b'\x1b[01m\x1b[K/home/ltr/aizee/jetson_ws/src/rplidar_ros/sdk/src/dataunpacker/unpacker/../dataunpacker.h:56:42:\x1b[m\x1b[K \x1b[01;35m\x1b[Kwarning: \x1b[m\x1b[Kunused parameter \xe2\x80\x98\x1b[01m\x1b[KerrMsg\x1b[m\x1b[K\xe2\x80\x99 [\x1b[01;35m\x1b[K\x1b]8;;https://gcc.gnu.org/onlinedocs/gcc/Warning-Options.html#index-Wunused-parameter\x07-Wunused-parameter\x1b]8;;\x07\x1b[m\x1b[K]\n'}
[8.360124] (rplidar_ros) StderrLine: {'line': b'   56 |         virtual void onDecodingError(\x1b[01;35m\x1b[Kint errMsg\x1b[m\x1b[K, _u8 ansType, const void* payload, size_t size) {}\n'}
[8.360249] (rplidar_ros) StderrLine: {'line': b'      |                                      \x1b[01;35m\x1b[K~~~~^~~~~~\x1b[m\x1b[K\n'}
[8.360371] (rplidar_ros) StderrLine: {'line': b'\x1b[01m\x1b[K/home/ltr/aizee/jetson_ws/src/rplidar_ros/sdk/src/dataunpacker/unpacker/../dataunpacker.h:56:54:\x1b[m\x1b[K \x1b[01;35m\x1b[Kwarning: \x1b[m\x1b[Kunused parameter \xe2\x80\x98\x1b[01m\x1b[KansType\x1b[m\x1b[K\xe2\x80\x99 [\x1b[01;35m\x1b[K\x1b]8;;https://gcc.gnu.org/onlinedocs/gcc/Warning-Options.html#index-Wunused-parameter\x07-Wunused-parameter\x1b]8;;\x07\x1b[m\x1b[K]\n'}
[8.360501] (rplidar_ros) StderrLine: {'line': b'   56 |         virtual void onDecodingError(int errMsg, \x1b[01;35m\x1b[K_u8 ansType\x1b[m\x1b[K, const void* payload, size_t size) {}\n'}
[8.360630] (rplidar_ros) StderrLine: {'line': b'      |                                                  \x1b[01;35m\x1b[K~~~~^~~~~~~\x1b[m\x1b[K\n'}
[8.360774] (rplidar_ros) StderrLine: {'line': b'\x1b[01m\x1b[K/home/ltr/aizee/jetson_ws/src/rplidar_ros/sdk/src/dataunpacker/unpacker/../dataunpacker.h:56:75:\x1b[m\x1b[K \x1b[01;35m\x1b[Kwarning: \x1b[m\x1b[Kunused parameter \xe2\x80\x98\x1b[01m\x1b[Kpayload\x1b[m\x1b[K\xe2\x80\x99 [\x1b[01;35m\x1b[K\x1b]8;;https://gcc.gnu.org/onlinedocs/gcc/Warning-Options.html#index-Wunused-parameter\x07-Wunused-parameter\x1b]8;;\x07\x1b[m\x1b[K]\n'}
[8.361061] (rplidar_ros) StderrLine: {'line': b'   56 |  void onDecodingError(int errMsg, _u8 ansType, \x1b[01;35m\x1b[Kconst void* payload\x1b[m\x1b[K, size_t size) {}\n'}
[8.361219] (rplidar_ros) StderrLine: {'line': b'      |                                                \x1b[01;35m\x1b[K~~~~~~~~~~~~^~~~~~~\x1b[m\x1b[K\n'}
[8.361353] (rplidar_ros) StderrLine: {'line': b'\n'}
[8.361475] (rplidar_ros) StderrLine: {'line': b'\x1b[01m\x1b[K/home/ltr/aizee/jetson_ws/src/rplidar_ros/sdk/src/dataunpacker/unpacker/../dataunpacker.h:56:91:\x1b[m\x1b[K \x1b[01;35m\x1b[Kwarning: \x1b[m\x1b[Kunused parameter \xe2\x80\x98\x1b[01m\x1b[Ksize\x1b[m\x1b[K\xe2\x80\x99 [\x1b[01;35m\x1b[K\x1b]8;;https://gcc.gnu.org/onlinedocs/gcc/Warning-Options.html#index-Wunused-parameter\x07-Wunused-parameter\x1b]8;;\x07\x1b[m\x1b[K]\n'}
[8.361609] (rplidar_ros) StderrLine: {'line': b'   56 | ingError(int errMsg, _u8 ansType, const void* payload, \x1b[01;35m\x1b[Ksize_t size\x1b[m\x1b[K) {}\n'}
[8.361734] (rplidar_ros) StderrLine: {'line': b'      |                                                        \x1b[01;35m\x1b[K~~~~~~~^~~~\x1b[m\x1b[K\n'}
[8.361857] (rplidar_ros) StderrLine: {'line': b'\n'}
[8.362298] (rplidar_ros) StderrLine: {'line': b'\x1b[01m\x1b[K/home/ltr/aizee/jetson_ws/src/rplidar_ros/sdk/src/dataunpacker/dataunpacker.h:54:103:\x1b[m\x1b[K \x1b[01;35m\x1b[Kwarning: \x1b[m\x1b[Kunused parameter \xe2\x80\x98\x1b[01m\x1b[Ksize\x1b[m\x1b[K\xe2\x80\x99 [\x1b[01;35m\x1b[K\x1b]8;;https://gcc.gnu.org/onlinedocs/gcc/Warning-Options.html#index-Wunused-parameter\x07-Wunused-parameter\x1b]8;;\x07\x1b[m\x1b[K]\n'}
[8.362615] (rplidar_ros) StderrLine: {'line': b'   54 | ecoded(_u8 ansType, _u32 customCode, const void* data, \x1b[01;35m\x1b[Ksize_t size\x1b[m\x1b[K) {}\n'}
[8.362880] (rplidar_ros) StderrLine: {'line': b'      |                                                        \x1b[01;35m\x1b[K~~~~~~~^~~~\x1b[m\x1b[K\n'}
[8.363105] (rplidar_ros) StderrLine: {'line': b'\n'}
[8.363680] (rplidar_ros) StderrLine: {'line': b'\x1b[01m\x1b[K/home/ltr/aizee/jetson_ws/src/rplidar_ros/sdk/src/dataunpacker/dataunpacker.h:\x1b[m\x1b[K In member function \xe2\x80\x98\x1b[01m\x1b[Kvirtual void sl::internal::LIDARSampleDataListener::onDecodingError(int, _u8, const void*, size_t)\x1b[m\x1b[K\xe2\x80\x99:\n'}
[8.364015] (rplidar_ros) StderrLine: {'line': b'\x1b[01m\x1b[K/home/ltr/aizee/jetson_ws/src/rplidar_ros/sdk/src/dataunpacker/dataunpacker.h:56:42:\x1b[m\x1b[K \x1b[01;35m\x1b[Kwarning: \x1b[m\x1b[Kunused parameter \xe2\x80\x98\x1b[01m\x1b[KerrMsg\x1b[m\x1b[K\xe2\x80\x99 [\x1b[01;35m\x1b[K\x1b]8;;https://gcc.gnu.org/onlinedocs/gcc/Warning-Options.html#index-Wunused-parameter\x07-Wunused-parameter\x1b]8;;\x07\x1b[m\x1b[K]\n'}
[8.364304] (rplidar_ros) StderrLine: {'line': b'   56 |         virtual void onDecodingError(\x1b[01;35m\x1b[Kint errMsg\x1b[m\x1b[K, _u8 ansType, const void* payload, size_t size) {}\n'}
[8.364574] (rplidar_ros) StderrLine: {'line': b'      |                                      \x1b[01;35m\x1b[K~~~~^~~~~~\x1b[m\x1b[K\n'}
[8.364952] (rplidar_ros) StderrLine: {'line': b'\x1b[01m\x1b[K/home/ltr/aizee/jetson_ws/src/rplidar_ros/sdk/src/dataunpacker/dataunpacker.h:56:54:\x1b[m\x1b[K \x1b[01;35m\x1b[Kwarning: \x1b[m\x1b[Kunused parameter \xe2\x80\x98\x1b[01m\x1b[KansType\x1b[m\x1b[K\xe2\x80\x99 [\x1b[01;35m\x1b[K\x1b]8;;https://gcc.gnu.org/onlinedocs/gcc/Warning-Options.html#index-Wunused-parameter\x07-Wunused-parameter\x1b]8;;\x07\x1b[m\x1b[K]\n'}
[8.365261] (rplidar_ros) StderrLine: {'line': b'   56 |         virtual void onDecodingError(int errMsg, \x1b[01;35m\x1b[K_u8 ansType\x1b[m\x1b[K, const void* payload, size_t size) {}\n'}
[8.365522] (rplidar_ros) StderrLine: {'line': b'      |                                                  \x1b[01;35m\x1b[K~~~~^~~~~~~\x1b[m\x1b[K\n'}
[8.365976] (rplidar_ros) StderrLine: {'line': b'\x1b[01m\x1b[K/home/ltr/aizee/jetson_ws/src/rplidar_ros/sdk/src/dataunpacker/dataunpacker.h:56:75:\x1b[m\x1b[K \x1b[01;35m\x1b[Kwarning: \x1b[m\x1b[Kunused parameter \xe2\x80\x98\x1b[01m\x1b[Kpayload\x1b[m\x1b[K\xe2\x80\x99 [\x1b[01;35m\x1b[K\x1b]8;;https://gcc.gnu.org/onlinedocs/gcc/Warning-Options.html#index-Wunused-parameter\x07-Wunused-parameter\x1b]8;;\x07\x1b[m\x1b[K]\n'}
[8.366220] (rplidar_ros) StderrLine: {'line': b'   56 |  void onDecodingError(int errMsg, _u8 ansType, \x1b[01;35m\x1b[Kconst void* payload\x1b[m\x1b[K, size_t size) {}\n'}
[8.366369] (rplidar_ros) StderrLine: {'line': b'      |                                                \x1b[01;35m\x1b[K~~~~~~~~~~~~^~~~~~~\x1b[m\x1b[K\n'}
[8.377206] (rplidar_ros) StderrLine: {'line': b'\n'}
[8.378024] (rplidar_ros) StderrLine: {'line': b'\x1b[01m\x1b[K/home/ltr/aizee/jetson_ws/src/rplidar_ros/sdk/src/dataunpacker/dataunpacker.h:56:91:\x1b[m\x1b[K \x1b[01;35m\x1b[Kwarning: \x1b[m\x1b[Kunused parameter \xe2\x80\x98\x1b[01m\x1b[Ksize\x1b[m\x1b[K\xe2\x80\x99 [\x1b[01;35m\x1b[K\x1b]8;;https://gcc.gnu.org/onlinedocs/gcc/Warning-Options.html#index-Wunused-parameter\x07-Wunused-parameter\x1b]8;;\x07\x1b[m\x1b[K]\n'}
[8.378253] (rplidar_ros) StderrLine: {'line': b'   56 | ingError(int errMsg, _u8 ansType, const void* payload, \x1b[01;35m\x1b[Ksize_t size\x1b[m\x1b[K) {}\n'}
[8.378416] (rplidar_ros) StderrLine: {'line': b'      |                                                        \x1b[01;35m\x1b[K~~~~~~~^~~~\x1b[m\x1b[K\n'}
[8.378559] (rplidar_ros) StderrLine: {'line': b'\n'}
[8.403199] (-) TimerEvent: {}
[8.504512] (-) TimerEvent: {}
[8.605882] (-) TimerEvent: {}
[8.691230] (rplidar_ros) StdoutLine: {'line': b'[ 42%] \x1b[32mBuilding CXX object CMakeFiles/rplidar_node.dir/sdk/src/rplidar_driver.cpp.o\x1b[0m\n'}
[8.706202] (-) TimerEvent: {}
[8.807608] (-) TimerEvent: {}
[8.908803] (-) TimerEvent: {}
[9.009536] (rplidar_ros) StdoutLine: {'line': b'[ 44%] \x1b[32mBuilding CXX object CMakeFiles/rplidar_composition.dir/sdk/src/dataunpacker/unpacker/handler_capsules.cpp.o\x1b[0m\n'}
[9.010371] (-) TimerEvent: {}
[9.096784] (rplidar_ros) StderrLine: {'line': b'In file included from \x1b[01m\x1b[K/home/ltr/aizee/jetson_ws/src/rplidar_ros/sdk/include/rplidar_protocol.h:36\x1b[m\x1b[K,\n'}
[9.097913] (rplidar_ros) StderrLine: {'line': b'                 from \x1b[01m\x1b[K/home/ltr/aizee/jetson_ws/src/rplidar_ros/sdk/include/rplidar.h:39\x1b[m\x1b[K,\n'}
[9.098377] (rplidar_ros) StderrLine: {'line': b'                 from \x1b[01m\x1b[K/home/ltr/aizee/jetson_ws/src/rplidar_ros/sdk/src/sdkcommon.h:49\x1b[m\x1b[K,\n'}
[9.098682] (rplidar_ros) StderrLine: {'line': b'                 from \x1b[01m\x1b[K/home/ltr/aizee/jetson_ws/src/rplidar_ros/sdk/src/hal/thread.cpp:35\x1b[m\x1b[K:\n'}
[9.098995] (rplidar_ros) StderrLine: {'line': b'\x1b[01m\x1b[K/home/ltr/aizee/jetson_ws/src/rplidar_ros/sdk/include/sl_lidar_protocol.h:66:16:\x1b[m\x1b[K \x1b[01;35m\x1b[Kwarning: \x1b[m\x1b[KISO C++ forbids zero-size array \xe2\x80\x98\x1b[01m\x1b[Kdata\x1b[m\x1b[K\xe2\x80\x99 [\x1b[01;35m\x1b[K\x1b]8;;https://gcc.gnu.org/onlinedocs/gcc/Warning-Options.html#index-Wpedantic\x07-Wpedantic\x1b]8;;\x07\x1b[m\x1b[K]\n'}
[9.099289] (rplidar_ros) StderrLine: {'line': b'   66 |     sl_u8 data[\x1b[01;35m\x1b[K0\x1b[m\x1b[K];\n'}
[9.099552] (rplidar_ros) StderrLine: {'line': b'      |                \x1b[01;35m\x1b[K^\x1b[m\x1b[K\n'}
[9.106115] (rplidar_ros) StderrLine: {'line': b'In file included from \x1b[01m\x1b[K/home/ltr/aizee/jetson_ws/src/rplidar_ros/sdk/include/rplidar_cmd.h:36\x1b[m\x1b[K,\n'}
[9.106933] (rplidar_ros) StderrLine: {'line': b'                 from \x1b[01m\x1b[K/home/ltr/aizee/jetson_ws/src/rplidar_ros/sdk/include/rplidar.h:40\x1b[m\x1b[K,\n'}
[9.107262] (rplidar_ros) StderrLine: {'line': b'                 from \x1b[01m\x1b[K/home/ltr/aizee/jetson_ws/src/rplidar_ros/sdk/src/sdkcommon.h:49\x1b[m\x1b[K,\n'}
[9.107546] (rplidar_ros) StderrLine: {'line': b'                 from \x1b[01m\x1b[K/home/ltr/aizee/jetson_ws/src/rplidar_ros/sdk/src/hal/thread.cpp:35\x1b[m\x1b[K:\n'}
[9.107857] (rplidar_ros) StderrLine: {'line': b'\x1b[01m\x1b[K/home/ltr/aizee/jetson_ws/src/rplidar_ros/sdk/include/sl_lidar_cmd.h:324:20:\x1b[m\x1b[K \x1b[01;35m\x1b[Kwarning: \x1b[m\x1b[KISO C++ forbids zero-size array \xe2\x80\x98\x1b[01m\x1b[Kpayload\x1b[m\x1b[K\xe2\x80\x99 [\x1b[01;35m\x1b[K\x1b]8;;https://gcc.gnu.org/onlinedocs/gcc/Warning-Options.html#index-Wpedantic\x07-Wpedantic\x1b]8;;\x07\x1b[m\x1b[K]\n'}
[9.108217] (rplidar_ros) StderrLine: {'line': b'  324 |     sl_u8  payload[\x1b[01;35m\x1b[K0\x1b[m\x1b[K];\n'}
[9.108474] (rplidar_ros) StderrLine: {'line': b'      |                    \x1b[01;35m\x1b[K^\x1b[m\x1b[K\n'}
[9.110515] (-) TimerEvent: {}
[9.211407] (-) TimerEvent: {}
[9.232736] (rplidar_ros) StderrLine: {'line': b'In file included from \x1b[01m\x1b[K/home/ltr/aizee/jetson_ws/src/rplidar_ros/sdk/src/hal/thread.cpp:43\x1b[m\x1b[K:\n'}
[9.233799] (rplidar_ros) StderrLine: {'line': b'\x1b[01m\x1b[K/home/ltr/aizee/jetson_ws/src/rplidar_ros/sdk/src/arch/linux/thread.hpp:\x1b[m\x1b[K In static member function \xe2\x80\x98\x1b[01m\x1b[Kstatic rp::hal::Thread rp::hal::Thread::create(thread_proc_t, void*)\x1b[m\x1b[K\xe2\x80\x99:\n'}
[9.234186] (rplidar_ros) StderrLine: {'line': b'\x1b[01m\x1b[K/home/ltr/aizee/jetson_ws/src/rplidar_ros/sdk/src/arch/linux/thread.hpp:52:57:\x1b[m\x1b[K \x1b[01;35m\x1b[Kwarning: \x1b[m\x1b[Kcast between incompatible function types from \xe2\x80\x98\x1b[01m\x1b[Kthread_proc_t\x1b[m\x1b[K\xe2\x80\x99 {aka \xe2\x80\x98\x1b[01m\x1b[Klong unsigned int (*)(void*)\x1b[m\x1b[K\xe2\x80\x99} to \xe2\x80\x98\x1b[01m\x1b[Kvoid* (*)(void*)\x1b[m\x1b[K\xe2\x80\x99 [\x1b[01;35m\x1b[K\x1b]8;;https://gcc.gnu.org/onlinedocs/gcc/Warning-Options.html#index-Wcast-function-type\x07-Wcast-function-type\x1b]8;;\x07\x1b[m\x1b[K]\n'}
[9.234507] (rplidar_ros) StderrLine: {'line': b'   52 |     pthread_create((pthread_t *)&newborn._handle, NULL, \x1b[01;35m\x1b[K(void * (*)(void *))proc\x1b[m\x1b[K, data);\n'}
[9.234790] (rplidar_ros) StderrLine: {'line': b'      |                                                         \x1b[01;35m\x1b[K^~~~~~~~~~~~~~~~~~~~~~~~\x1b[m\x1b[K\n'}
[9.237495] (rplidar_ros) StderrLine: {'line': b'\x1b[01m\x1b[K/home/ltr/aizee/jetson_ws/src/rplidar_ros/sdk/src/arch/linux/thread.hpp:\x1b[m\x1b[K In member function \xe2\x80\x98\x1b[01m\x1b[Ku_result rp::hal::Thread::join(long unsigned int)\x1b[m\x1b[K\xe2\x80\x99:\n'}
[9.238102] (rplidar_ros) StderrLine: {'line': b'\x1b[01m\x1b[K/home/ltr/aizee/jetson_ws/src/rplidar_ros/sdk/src/arch/linux/thread.hpp:176:37:\x1b[m\x1b[K \x1b[01;35m\x1b[Kwarning: \x1b[m\x1b[Kunused parameter \xe2\x80\x98\x1b[01m\x1b[Ktimeout\x1b[m\x1b[K\xe2\x80\x99 [\x1b[01;35m\x1b[K\x1b]8;;https://gcc.gnu.org/onlinedocs/gcc/Warning-Options.html#index-Wunused-parameter\x07-Wunused-parameter\x1b]8;;\x07\x1b[m\x1b[K]\n'}
[9.238439] (rplidar_ros) StderrLine: {'line': b'  176 | u_result Thread::join(\x1b[01;35m\x1b[Kunsigned long timeout\x1b[m\x1b[K)\n'}
[9.238728] (rplidar_ros) StderrLine: {'line': b'      |                       \x1b[01;35m\x1b[K~~~~~~~~~~~~~~^~~~~~~\x1b[m\x1b[K\n'}
[9.311690] (-) TimerEvent: {}
[9.412976] (-) TimerEvent: {}
[9.480021] (rplidar_ros) StdoutLine: {'line': b'[ 47%] \x1b[32mBuilding CXX object CMakeFiles/rplidar_node.dir/sdk/src/sl_async_transceiver.cpp.o\x1b[0m\n'}
[9.513536] (-) TimerEvent: {}
[9.614702] (-) TimerEvent: {}
[9.666081] (rplidar_ros) StderrLine: {'line': b'In file included from \x1b[01m\x1b[K/home/ltr/aizee/jetson_ws/src/rplidar_ros/sdk/include/rplidar_protocol.h:36\x1b[m\x1b[K,\n'}
[9.667002] (rplidar_ros) StderrLine: {'line': b'                 from \x1b[01m\x1b[K/home/ltr/aizee/jetson_ws/src/rplidar_ros/sdk/include/rplidar.h:39\x1b[m\x1b[K,\n'}
[9.667292] (rplidar_ros) StderrLine: {'line': b'                 from \x1b[01m\x1b[K/home/ltr/aizee/jetson_ws/src/rplidar_ros/sdk/src/sdkcommon.h:49\x1b[m\x1b[K,\n'}
[9.667456] (rplidar_ros) StderrLine: {'line': b'                 from \x1b[01m\x1b[K/home/ltr/aizee/jetson_ws/src/rplidar_ros/sdk/src/rplidar_driver.cpp:33\x1b[m\x1b[K:\n'}
[9.667607] (rplidar_ros) StderrLine: {'line': b'\x1b[01m\x1b[K/home/ltr/aizee/jetson_ws/src/rplidar_ros/sdk/include/sl_lidar_protocol.h:66:16:\x1b[m\x1b[K \x1b[01;35m\x1b[Kwarning: \x1b[m\x1b[KISO C++ forbids zero-size array \xe2\x80\x98\x1b[01m\x1b[Kdata\x1b[m\x1b[K\xe2\x80\x99 [\x1b[01;35m\x1b[K\x1b]8;;https://gcc.gnu.org/onlinedocs/gcc/Warning-Options.html#index-Wpedantic\x07-Wpedantic\x1b]8;;\x07\x1b[m\x1b[K]\n'}
[9.667810] (rplidar_ros) StderrLine: {'line': b'   66 |     sl_u8 data[\x1b[01;35m\x1b[K0\x1b[m\x1b[K];\n'}
[9.667967] (rplidar_ros) StderrLine: {'line': b'      |                \x1b[01;35m\x1b[K^\x1b[m\x1b[K\n'}
[9.668101] (rplidar_ros) StderrLine: {'line': b'In file included from \x1b[01m\x1b[K/home/ltr/aizee/jetson_ws/src/rplidar_ros/sdk/include/rplidar_cmd.h:36\x1b[m\x1b[K,\n'}
[9.668227] (rplidar_ros) StderrLine: {'line': b'                 from \x1b[01m\x1b[K/home/ltr/aizee/jetson_ws/src/rplidar_ros/sdk/include/rplidar.h:40\x1b[m\x1b[K,\n'}
[9.668365] (rplidar_ros) StderrLine: {'line': b'                 from \x1b[01m\x1b[K/home/ltr/aizee/jetson_ws/src/rplidar_ros/sdk/src/sdkcommon.h:49\x1b[m\x1b[K,\n'}
[9.668491] (rplidar_ros) StderrLine: {'line': b'                 from \x1b[01m\x1b[K/home/ltr/aizee/jetson_ws/src/rplidar_ros/sdk/src/rplidar_driver.cpp:33\x1b[m\x1b[K:\n'}
[9.668615] (rplidar_ros) StderrLine: {'line': b'\x1b[01m\x1b[K/home/ltr/aizee/jetson_ws/src/rplidar_ros/sdk/include/sl_lidar_cmd.h:324:20:\x1b[m\x1b[K \x1b[01;35m\x1b[Kwarning: \x1b[m\x1b[KISO C++ forbids zero-size array \xe2\x80\x98\x1b[01m\x1b[Kpayload\x1b[m\x1b[K\xe2\x80\x99 [\x1b[01;35m\x1b[K\x1b]8;;https://gcc.gnu.org/onlinedocs/gcc/Warning-Options.html#index-Wpedantic\x07-Wpedantic\x1b]8;;\x07\x1b[m\x1b[K]\n'}
[9.668749] (rplidar_ros) StderrLine: {'line': b'  324 |     sl_u8  payload[\x1b[01;35m\x1b[K0\x1b[m\x1b[K];\n'}
[9.668941] (rplidar_ros) StderrLine: {'line': b'      |                    \x1b[01;35m\x1b[K^\x1b[m\x1b[K\n'}
[9.715049] (-) TimerEvent: {}
[9.816269] (-) TimerEvent: {}
[9.917515] (-) TimerEvent: {}
[10.018751] (-) TimerEvent: {}
[10.047848] (rplidar_ros) StderrLine: {'line': b'\x1b[01m\x1b[K/home/ltr/aizee/jetson_ws/src/rplidar_ros/sdk/src/rplidar_driver.cpp:\x1b[m\x1b[K In member function \xe2\x80\x98\x1b[01m\x1b[Ku_result rp::standalone::rplidar::RPlidarDriver::connect(const char*, _u32, _u32)\x1b[m\x1b[K\xe2\x80\x99:\n'}
[10.048696] (rplidar_ros) StderrLine: {'line': b'\x1b[01m\x1b[K/home/ltr/aizee/jetson_ws/src/rplidar_ros/sdk/src/rplidar_driver.cpp:67:77:\x1b[m\x1b[K \x1b[01;35m\x1b[Kwarning: \x1b[m\x1b[Kunused parameter \xe2\x80\x98\x1b[01m\x1b[Kflag\x1b[m\x1b[K\xe2\x80\x99 [\x1b[01;35m\x1b[K\x1b]8;;https://gcc.gnu.org/onlinedocs/gcc/Warning-Options.html#index-Wunused-parameter\x07-Wunused-parameter\x1b]8;;\x07\x1b[m\x1b[K]\n'}
[10.049000] (rplidar_ros) StderrLine: {'line': b'   67 | t RPlidarDriver::connect(const char *path, _u32 portOrBaud, \x1b[01;35m\x1b[K_u32 flag\x1b[m\x1b[K)\n'}
[10.049174] (rplidar_ros) StderrLine: {'line': b'      |                                                             \x1b[01;35m\x1b[K~~~~~^~~~\x1b[m\x1b[K\n'}
[10.049323] (rplidar_ros) StderrLine: {'line': b'\n'}
[10.049462] (rplidar_ros) StderrLine: {'line': b'\x1b[01m\x1b[K/home/ltr/aizee/jetson_ws/src/rplidar_ros/sdk/src/rplidar_driver.cpp:\x1b[m\x1b[K In member function \xe2\x80\x98\x1b[01m\x1b[Ku_result rp::standalone::rplidar::RPlidarDriver::reset(_u32)\x1b[m\x1b[K\xe2\x80\x99:\n'}
[10.049607] (rplidar_ros) StderrLine: {'line': b'\x1b[01m\x1b[K/home/ltr/aizee/jetson_ws/src/rplidar_ros/sdk/src/rplidar_driver.cpp:101:40:\x1b[m\x1b[K \x1b[01;35m\x1b[Kwarning: \x1b[m\x1b[Kunused parameter \xe2\x80\x98\x1b[01m\x1b[Ktimeout\x1b[m\x1b[K\xe2\x80\x99 [\x1b[01;35m\x1b[K\x1b]8;;https://gcc.gnu.org/onlinedocs/gcc/Warning-Options.html#index-Wunused-parameter\x07-Wunused-parameter\x1b]8;;\x07\x1b[m\x1b[K]\n'}
[10.049750] (rplidar_ros) StderrLine: {'line': b'  101 |     u_result RPlidarDriver::reset(\x1b[01;35m\x1b[K_u32 timeout\x1b[m\x1b[K)\n'}
[10.049882] (rplidar_ros) StderrLine: {'line': b'      |                                   \x1b[01;35m\x1b[K~~~~~^~~~~~~\x1b[m\x1b[K\n'}
[10.050565] (rplidar_ros) StderrLine: {'line': b'\x1b[01m\x1b[K/home/ltr/aizee/jetson_ws/src/rplidar_ros/sdk/src/rplidar_driver.cpp:\x1b[m\x1b[K In member function \xe2\x80\x98\x1b[01m\x1b[Ku_result rp::standalone::rplidar::RPlidarDriver::getScanDataWithInterval(rplidar_response_measurement_node_t*, size_t&)\x1b[m\x1b[K\xe2\x80\x99:\n'}
[10.051177] (rplidar_ros) StderrLine: {'line': b'\x1b[01m\x1b[K/home/ltr/aizee/jetson_ws/src/rplidar_ros/sdk/src/rplidar_driver.cpp:180:91:\x1b[m\x1b[K \x1b[01;35m\x1b[Kwarning: \x1b[m\x1b[Kunused parameter \xe2\x80\x98\x1b[01m\x1b[Knodebuffer\x1b[m\x1b[K\xe2\x80\x99 [\x1b[01;35m\x1b[K\x1b]8;;https://gcc.gnu.org/onlinedocs/gcc/Warning-Options.html#index-Wunused-parameter\x07-Wunused-parameter\x1b]8;;\x07\x1b[m\x1b[K]\n'}
[10.051370] (rplidar_ros) StderrLine: {'line': b'  180 | ScanDataWithInterval(\x1b[01;35m\x1b[Krplidar_response_measurement_node_t * nodebuffer\x1b[m\x1b[K, size_t & count)\n'}
[10.051521] (rplidar_ros) StderrLine: {'line': b'      |                      \x1b[01;35m\x1b[K~~~~~~~~~~~~~~~~~~~~~~~~~~~~~~~~~~~~~~^~~~~~~~~~\x1b[m\x1b[K\n'}
[10.051653] (rplidar_ros) StderrLine: {'line': b'\n'}
[10.051779] (rplidar_ros) StderrLine: {'line': b'\x1b[01m\x1b[K/home/ltr/aizee/jetson_ws/src/rplidar_ros/sdk/src/rplidar_driver.cpp:180:112:\x1b[m\x1b[K \x1b[01;35m\x1b[Kwarning: \x1b[m\x1b[Kunused parameter \xe2\x80\x98\x1b[01m\x1b[Kcount\x1b[m\x1b[K\xe2\x80\x99 [\x1b[01;35m\x1b[K\x1b]8;;https://gcc.gnu.org/onlinedocs/gcc/Warning-Options.html#index-Wunused-parameter\x07-Wunused-parameter\x1b]8;;\x07\x1b[m\x1b[K]\n'}
[10.051919] (rplidar_ros) StderrLine: {'line': b'  180 | rval(rplidar_response_measurement_node_t * nodebuffer, \x1b[01;35m\x1b[Ksize_t & count\x1b[m\x1b[K)\n'}
[10.052050] (rplidar_ros) StderrLine: {'line': b'      |                                                        \x1b[01;35m\x1b[K~~~~~~~~~^~~~~\x1b[m\x1b[K\n'}
[10.052176] (rplidar_ros) StderrLine: {'line': b'\n'}
[10.063429] (rplidar_ros) StderrLine: {'line': b'In file included from \x1b[01m\x1b[K/home/ltr/aizee/jetson_ws/src/rplidar_ros/sdk/include/rplidar_protocol.h:36\x1b[m\x1b[K,\n'}
[10.064291] (rplidar_ros) StderrLine: {'line': b'                 from \x1b[01m\x1b[K/home/ltr/aizee/jetson_ws/src/rplidar_ros/sdk/include/rplidar.h:39\x1b[m\x1b[K,\n'}
[10.064536] (rplidar_ros) StderrLine: {'line': b'                 from \x1b[01m\x1b[K/home/ltr/aizee/jetson_ws/src/rplidar_ros/sdk/src/sdkcommon.h:49\x1b[m\x1b[K,\n'}
[10.064694] (rplidar_ros) StderrLine: {'line': b'                 from \x1b[01m\x1b[K/home/ltr/aizee/jetson_ws/src/rplidar_ros/sdk/src/dataunpacker/unpacker/../dataunnpacker_commondef.h:41\x1b[m\x1b[K,\n'}
[10.064932] (rplidar_ros) StderrLine: {'line': b'                 from \x1b[01m\x1b[K/home/ltr/aizee/jetson_ws/src/rplidar_ros/sdk/src/dataunpacker/unpacker/handler_capsules.cpp:39\x1b[m\x1b[K:\n'}
[10.065374] (rplidar_ros) StderrLine: {'line': b'\x1b[01m\x1b[K/home/ltr/aizee/jetson_ws/src/rplidar_ros/sdk/include/sl_lidar_protocol.h:66:16:\x1b[m\x1b[K \x1b[01;35m\x1b[Kwarning: \x1b[m\x1b[KISO C++ forbids zero-size array \xe2\x80\x98\x1b[01m\x1b[Kdata\x1b[m\x1b[K\xe2\x80\x99 [\x1b[01;35m\x1b[K\x1b]8;;https://gcc.gnu.org/onlinedocs/gcc/Warning-Options.html#index-Wpedantic\x07-Wpedantic\x1b]8;;\x07\x1b[m\x1b[K]\n'}
[10.065578] (rplidar_ros) StderrLine: {'line': b'   66 |     sl_u8 data[\x1b[01;35m\x1b[K0\x1b[m\x1b[K];\n'}
[10.065754] (rplidar_ros) StderrLine: {'line': b'      |                \x1b[01;35m\x1b[K^\x1b[m\x1b[K\n'}
[10.065893] (rplidar_ros) StderrLine: {'line': b'In file included from \x1b[01m\x1b[K/home/ltr/aizee/jetson_ws/src/rplidar_ros/sdk/include/rplidar_cmd.h:36\x1b[m\x1b[K,\n'}
[10.066030] (rplidar_ros) StderrLine: {'line': b'                 from \x1b[01m\x1b[K/home/ltr/aizee/jetson_ws/src/rplidar_ros/sdk/include/rplidar.h:40\x1b[m\x1b[K,\n'}
[10.066159] (rplidar_ros) StderrLine: {'line': b'                 from \x1b[01m\x1b[K/home/ltr/aizee/jetson_ws/src/rplidar_ros/sdk/src/sdkcommon.h:49\x1b[m\x1b[K,\n'}
[10.066281] (rplidar_ros) StderrLine: {'line': b'                 from \x1b[01m\x1b[K/home/ltr/aizee/jetson_ws/src/rplidar_ros/sdk/src/dataunpacker/unpacker/../dataunnpacker_commondef.h:41\x1b[m\x1b[K,\n'}
[10.066409] (rplidar_ros) StderrLine: {'line': b'                 from \x1b[01m\x1b[K/home/ltr/aizee/jetson_ws/src/rplidar_ros/sdk/src/dataunpacker/unpacker/handler_capsules.cpp:39\x1b[m\x1b[K:\n'}
[10.066563] (rplidar_ros) StderrLine: {'line': b'\x1b[01m\x1b[K/home/ltr/aizee/jetson_ws/src/rplidar_ros/sdk/include/sl_lidar_cmd.h:324:20:\x1b[m\x1b[K \x1b[01;35m\x1b[Kwarning: \x1b[m\x1b[KISO C++ forbids zero-size array \xe2\x80\x98\x1b[01m\x1b[Kpayload\x1b[m\x1b[K\xe2\x80\x99 [\x1b[01;35m\x1b[K\x1b]8;;https://gcc.gnu.org/onlinedocs/gcc/Warning-Options.html#index-Wpedantic\x07-Wpedantic\x1b]8;;\x07\x1b[m\x1b[K]\n'}
[10.066703] (rplidar_ros) StderrLine: {'line': b'  324 |     sl_u8  payload[\x1b[01;35m\x1b[K0\x1b[m\x1b[K];\n'}
[10.066828] (rplidar_ros) StderrLine: {'line': b'      |                    \x1b[01;35m\x1b[K^\x1b[m\x1b[K\n'}
[10.119060] (-) TimerEvent: {}
[10.220322] (-) TimerEvent: {}
[10.321540] (-) TimerEvent: {}
[10.337544] (rplidar_ros) StdoutLine: {'line': b'[ 50%] \x1b[32mBuilding CXX object CMakeFiles/rplidar_node.dir/sdk/src/sl_crc.cpp.o\x1b[0m\n'}
[10.382417] (rplidar_ros) StderrLine: {'line': b'In file included from \x1b[01m\x1b[K/home/ltr/aizee/jetson_ws/src/rplidar_ros/sdk/include/sl_lidar_cmd.h:41\x1b[m\x1b[K,\n'}
[10.383290] (rplidar_ros) StderrLine: {'line': b'                 from \x1b[01m\x1b[K/home/ltr/aizee/jetson_ws/src/rplidar_ros/sdk/include/sl_crc.h:36\x1b[m\x1b[K,\n'}
[10.383498] (rplidar_ros) StderrLine: {'line': b'                 from \x1b[01m\x1b[K/home/ltr/aizee/jetson_ws/src/rplidar_ros/sdk/src/sl_crc.cpp:33\x1b[m\x1b[K:\n'}
[10.383659] (rplidar_ros) StderrLine: {'line': b'\x1b[01m\x1b[K/home/ltr/aizee/jetson_ws/src/rplidar_ros/sdk/include/sl_lidar_protocol.h:66:16:\x1b[m\x1b[K \x1b[01;35m\x1b[Kwarning: \x1b[m\x1b[KISO C++ forbids zero-size array \xe2\x80\x98\x1b[01m\x1b[Kdata\x1b[m\x1b[K\xe2\x80\x99 [\x1b[01;35m\x1b[K\x1b]8;;https://gcc.gnu.org/onlinedocs/gcc/Warning-Options.html#index-Wpedantic\x07-Wpedantic\x1b]8;;\x07\x1b[m\x1b[K]\n'}
[10.383829] (rplidar_ros) StderrLine: {'line': b'   66 |     sl_u8 data[\x1b[01;35m\x1b[K0\x1b[m\x1b[K];\n'}
[10.383968] (rplidar_ros) StderrLine: {'line': b'      |                \x1b[01;35m\x1b[K^\x1b[m\x1b[K\n'}
[10.384346] (rplidar_ros) StderrLine: {'line': b'In file included from \x1b[01m\x1b[K/home/ltr/aizee/jetson_ws/src/rplidar_ros/sdk/include/sl_crc.h:36\x1b[m\x1b[K,\n'}
[10.384517] (rplidar_ros) StderrLine: {'line': b'                 from \x1b[01m\x1b[K/home/ltr/aizee/jetson_ws/src/rplidar_ros/sdk/src/sl_crc.cpp:33\x1b[m\x1b[K:\n'}
[10.384652] (rplidar_ros) StderrLine: {'line': b'\x1b[01m\x1b[K/home/ltr/aizee/jetson_ws/src/rplidar_ros/sdk/include/sl_lidar_cmd.h:324:20:\x1b[m\x1b[K \x1b[01;35m\x1b[Kwarning: \x1b[m\x1b[KISO C++ forbids zero-size array \xe2\x80\x98\x1b[01m\x1b[Kpayload\x1b[m\x1b[K\xe2\x80\x99 [\x1b[01;35m\x1b[K\x1b]8;;https://gcc.gnu.org/onlinedocs/gcc/Warning-Options.html#index-Wpedantic\x07-Wpedantic\x1b]8;;\x07\x1b[m\x1b[K]\n'}
[10.384795] (rplidar_ros) StderrLine: {'line': b'  324 |     sl_u8  payload[\x1b[01;35m\x1b[K0\x1b[m\x1b[K];\n'}
[10.384982] (rplidar_ros) StderrLine: {'line': b'      |                    \x1b[01;35m\x1b[K^\x1b[m\x1b[K\n'}
[10.421824] (-) TimerEvent: {}
[10.434009] (rplidar_ros) StdoutLine: {'line': b'[ 52%] \x1b[32mBuilding CXX object CMakeFiles/rplidar_node.dir/sdk/src/sl_lidar_driver.cpp.o\x1b[0m\n'}
[10.500213] (rplidar_ros) StderrLine: {'line': b'In file included from \x1b[01m\x1b[K/home/ltr/aizee/jetson_ws/src/rplidar_ros/sdk/include/sl_lidar_cmd.h:41\x1b[m\x1b[K,\n'}
[10.501177] (rplidar_ros) StderrLine: {'line': b'                 from \x1b[01m\x1b[K/home/ltr/aizee/jetson_ws/src/rplidar_ros/sdk/include/sl_lidar_driver.h:54\x1b[m\x1b[K,\n'}
[10.501665] (rplidar_ros) StderrLine: {'line': b'                 from \x1b[01m\x1b[K/home/ltr/aizee/jetson_ws/src/rplidar_ros/sdk/include/sl_lidar.h:36\x1b[m\x1b[K,\n'}
[10.501846] (rplidar_ros) StderrLine: {'line': b'                 from \x1b[01m\x1b[K/home/ltr/aizee/jetson_ws/src/rplidar_ros/src/rplidar_node.cpp:38\x1b[m\x1b[K:\n'}
[10.501996] (rplidar_ros) StderrLine: {'line': b'\x1b[01m\x1b[K/home/ltr/aizee/jetson_ws/src/rplidar_ros/sdk/include/sl_lidar_protocol.h:66:16:\x1b[m\x1b[K \x1b[01;35m\x1b[Kwarning: \x1b[m\x1b[KISO C++ forbids zero-size array \xe2\x80\x98\x1b[01m\x1b[Kdata\x1b[m\x1b[K\xe2\x80\x99 [\x1b[01;35m\x1b[K\x1b]8;;https://gcc.gnu.org/onlinedocs/gcc/Warning-Options.html#index-Wpedantic\x07-Wpedantic\x1b]8;;\x07\x1b[m\x1b[K]\n'}
[10.502219] (rplidar_ros) StderrLine: {'line': b'   66 |     sl_u8 data[\x1b[01;35m\x1b[K0\x1b[m\x1b[K];\n'}
[10.502357] (rplidar_ros) StderrLine: {'line': b'      |                \x1b[01;35m\x1b[K^\x1b[m\x1b[K\n'}
[10.502508] (rplidar_ros) StderrLine: {'line': b'In file included from \x1b[01m\x1b[K/home/ltr/aizee/jetson_ws/src/rplidar_ros/sdk/include/sl_lidar_driver.h:54\x1b[m\x1b[K,\n'}
[10.502639] (rplidar_ros) StderrLine: {'line': b'                 from \x1b[01m\x1b[K/home/ltr/aizee/jetson_ws/src/rplidar_ros/sdk/include/sl_lidar.h:36\x1b[m\x1b[K,\n'}
[10.502762] (rplidar_ros) StderrLine: {'line': b'                 from \x1b[01m\x1b[K/home/ltr/aizee/jetson_ws/src/rplidar_ros/src/rplidar_node.cpp:38\x1b[m\x1b[K:\n'}
[10.502911] (rplidar_ros) StderrLine: {'line': b'\x1b[01m\x1b[K/home/ltr/aizee/jetson_ws/src/rplidar_ros/sdk/include/sl_lidar_cmd.h:324:20:\x1b[m\x1b[K \x1b[01;35m\x1b[Kwarning: \x1b[m\x1b[KISO C++ forbids zero-size array \xe2\x80\x98\x1b[01m\x1b[Kpayload\x1b[m\x1b[K\xe2\x80\x99 [\x1b[01;35m\x1b[K\x1b]8;;https://gcc.gnu.org/onlinedocs/gcc/Warning-Options.html#index-Wpedantic\x07-Wpedantic\x1b]8;;\x07\x1b[m\x1b[K]\n'}
[10.503051] (rplidar_ros) StderrLine: {'line': b'  324 |     sl_u8  payload[\x1b[01;35m\x1b[K0\x1b[m\x1b[K];\n'}
[10.503176] (rplidar_ros) StderrLine: {'line': b'      |                    \x1b[01;35m\x1b[K^\x1b[m\x1b[K\n'}
[10.522127] (-) TimerEvent: {}
[10.565168] (rplidar_ros) StderrLine: {'line': b'In file included from \x1b[01m\x1b[K/home/ltr/aizee/jetson_ws/src/rplidar_ros/sdk/include/rplidar_protocol.h:36\x1b[m\x1b[K,\n'}
[10.566026] (rplidar_ros) StderrLine: {'line': b'                 from \x1b[01m\x1b[K/home/ltr/aizee/jetson_ws/src/rplidar_ros/sdk/include/rplidar.h:39\x1b[m\x1b[K,\n'}
[10.566229] (rplidar_ros) StderrLine: {'line': b'                 from \x1b[01m\x1b[K/home/ltr/aizee/jetson_ws/src/rplidar_ros/sdk/src/sdkcommon.h:49\x1b[m\x1b[K,\n'}
[10.566379] (rplidar_ros) StderrLine: {'line': b'                 from \x1b[01m\x1b[K/home/ltr/aizee/jetson_ws/src/rplidar_ros/sdk/src/sl_async_transceiver.cpp:35\x1b[m\x1b[K:\n'}
[10.566518] (rplidar_ros) StderrLine: {'line': b'\x1b[01m\x1b[K/home/ltr/aizee/jetson_ws/src/rplidar_ros/sdk/include/sl_lidar_protocol.h:66:16:\x1b[m\x1b[K \x1b[01;35m\x1b[Kwarning: \x1b[m\x1b[KISO C++ forbids zero-size array \xe2\x80\x98\x1b[01m\x1b[Kdata\x1b[m\x1b[K\xe2\x80\x99 [\x1b[01;35m\x1b[K\x1b]8;;https://gcc.gnu.org/onlinedocs/gcc/Warning-Options.html#index-Wpedantic\x07-Wpedantic\x1b]8;;\x07\x1b[m\x1b[K]\n'}
[10.566677] (rplidar_ros) StderrLine: {'line': b'   66 |     sl_u8 data[\x1b[01;35m\x1b[K0\x1b[m\x1b[K];\n'}
[10.566814] (rplidar_ros) StderrLine: {'line': b'      |                \x1b[01;35m\x1b[K^\x1b[m\x1b[K\n'}
[10.568455] (rplidar_ros) StderrLine: {'line': b'In file included from \x1b[01m\x1b[K/home/ltr/aizee/jetson_ws/src/rplidar_ros/sdk/include/rplidar_cmd.h:36\x1b[m\x1b[K,\n'}
[10.569075] (rplidar_ros) StderrLine: {'line': b'                 from \x1b[01m\x1b[K/home/ltr/aizee/jetson_ws/src/rplidar_ros/sdk/include/rplidar.h:40\x1b[m\x1b[K,\n'}
[10.569415] (rplidar_ros) StderrLine: {'line': b'                 from \x1b[01m\x1b[K/home/ltr/aizee/jetson_ws/src/rplidar_ros/sdk/src/sdkcommon.h:49\x1b[m\x1b[K,\n'}
[10.569707] (rplidar_ros) StderrLine: {'line': b'                 from \x1b[01m\x1b[K/home/ltr/aizee/jetson_ws/src/rplidar_ros/sdk/src/sl_async_transceiver.cpp:35\x1b[m\x1b[K:\n'}
[10.570025] (rplidar_ros) StderrLine: {'line': b'\x1b[01m\x1b[K/home/ltr/aizee/jetson_ws/src/rplidar_ros/sdk/include/sl_lidar_cmd.h:324:20:\x1b[m\x1b[K \x1b[01;35m\x1b[Kwarning: \x1b[m\x1b[KISO C++ forbids zero-size array \xe2\x80\x98\x1b[01m\x1b[Kpayload\x1b[m\x1b[K\xe2\x80\x99 [\x1b[01;35m\x1b[K\x1b]8;;https://gcc.gnu.org/onlinedocs/gcc/Warning-Options.html#index-Wpedantic\x07-Wpedantic\x1b]8;;\x07\x1b[m\x1b[K]\n'}
[10.570375] (rplidar_ros) StderrLine: {'line': b'  324 |     sl_u8  payload[\x1b[01;35m\x1b[K0\x1b[m\x1b[K];\n'}
[10.570637] (rplidar_ros) StderrLine: {'line': b'      |                    \x1b[01;35m\x1b[K^\x1b[m\x1b[K\n'}
[10.577404] (rplidar_ros) StderrLine: {'line': b'In file included from \x1b[01m\x1b[K/home/ltr/aizee/jetson_ws/src/rplidar_ros/sdk/src/dataunpacker/unpacker/handler_capsules.cpp:40\x1b[m\x1b[K:\n'}
[10.578480] (rplidar_ros) StderrLine: {'line': b'\x1b[01m\x1b[K/home/ltr/aizee/jetson_ws/src/rplidar_ros/sdk/src/dataunpacker/unpacker/../dataunpacker.h:\x1b[m\x1b[K In member function \xe2\x80\x98\x1b[01m\x1b[Kvirtual void sl::internal::LIDARSampleDataListener::onCustomSampleDataDecoded(_u8, _u32, const void*, size_t)\x1b[m\x1b[K\xe2\x80\x99:\n'}
[10.579112] (rplidar_ros) StderrLine: {'line': b'\x1b[01m\x1b[K/home/ltr/aizee/jetson_ws/src/rplidar_ros/sdk/src/dataunpacker/unpacker/../dataunpacker.h:54:52:\x1b[m\x1b[K \x1b[01;35m\x1b[Kwarning: \x1b[m\x1b[Kunused parameter \xe2\x80\x98\x1b[01m\x1b[KansType\x1b[m\x1b[K\xe2\x80\x99 [\x1b[01;35m\x1b[K\x1b]8;;https://gcc.gnu.org/onlinedocs/gcc/Warning-Options.html#index-Wunused-parameter\x07-Wunused-parameter\x1b]8;;\x07\x1b[m\x1b[K]\n'}
[10.579439] (rplidar_ros) StderrLine: {'line': b'   54 |         virtual void onCustomSampleDataDecoded(\x1b[01;35m\x1b[K_u8 ansType\x1b[m\x1b[K, _u32 customCode, const void* data, size_t size) {}\n'}
[10.579616] (rplidar_ros) StderrLine: {'line': b'      |                                                \x1b[01;35m\x1b[K~~~~^~~~~~~\x1b[m\x1b[K\n'}
[10.579768] (rplidar_ros) StderrLine: {'line': b'\x1b[01m\x1b[K/home/ltr/aizee/jetson_ws/src/rplidar_ros/sdk/src/dataunpacker/unpacker/../dataunpacker.h:54:66:\x1b[m\x1b[K \x1b[01;35m\x1b[Kwarning: \x1b[m\x1b[Kunused parameter \xe2\x80\x98\x1b[01m\x1b[KcustomCode\x1b[m\x1b[K\xe2\x80\x99 [\x1b[01;35m\x1b[K\x1b]8;;https://gcc.gnu.org/onlinedocs/gcc/Warning-Options.html#index-Wunused-parameter\x07-Wunused-parameter\x1b]8;;\x07\x1b[m\x1b[K]\n'}
[10.579920] (rplidar_ros) StderrLine: {'line': b'   54 |   virtual void onCustomSampleDataDecoded(_u8 ansType, \x1b[01;35m\x1b[K_u32 customCode\x1b[m\x1b[K, const void* data, size_t size) {}\n'}
[10.580058] (rplidar_ros) StderrLine: {'line': b'      |                                                       \x1b[01;35m\x1b[K~~~~~^~~~~~~~~~\x1b[m\x1b[K\n'}
[10.580242] (rplidar_ros) StderrLine: {'line': b'\n'}
[10.580380] (rplidar_ros) StderrLine: {'line': b'\x1b[01m\x1b[K/home/ltr/aizee/jetson_ws/src/rplidar_ros/sdk/src/dataunpacker/unpacker/../dataunpacker.h:54:90:\x1b[m\x1b[K \x1b[01;35m\x1b[Kwarning: \x1b[m\x1b[Kunused parameter \xe2\x80\x98\x1b[01m\x1b[Kdata\x1b[m\x1b[K\xe2\x80\x99 [\x1b[01;35m\x1b[K\x1b]8;;https://gcc.gnu.org/onlinedocs/gcc/Warning-Options.html#index-Wunused-parameter\x07-Wunused-parameter\x1b]8;;\x07\x1b[m\x1b[K]\n'}
[10.580518] (rplidar_ros) StderrLine: {'line': b'   54 | ampleDataDecoded(_u8 ansType, _u32 customCode, \x1b[01;35m\x1b[Kconst void* data\x1b[m\x1b[K, size_t size) {}\n'}
[10.580652] (rplidar_ros) StderrLine: {'line': b'      |                                                \x1b[01;35m\x1b[K~~~~~~~~~~~~^~~~\x1b[m\x1b[K\n'}
[10.580777] (rplidar_ros) StderrLine: {'line': b'\n'}
[10.581013] (rplidar_ros) StderrLine: {'line': b'\x1b[01m\x1b[K/home/ltr/aizee/jetson_ws/src/rplidar_ros/sdk/src/dataunpacker/unpacker/../dataunpacker.h:54:103:\x1b[m\x1b[K \x1b[01;35m\x1b[Kwarning: \x1b[m\x1b[Kunused parameter \xe2\x80\x98\x1b[01m\x1b[Ksize\x1b[m\x1b[K\xe2\x80\x99 [\x1b[01;35m\x1b[K\x1b]8;;https://gcc.gnu.org/onlinedocs/gcc/Warning-Options.html#index-Wunused-parameter\x07-Wunused-parameter\x1b]8;;\x07\x1b[m\x1b[K]\n'}
[10.581197] (rplidar_ros) StderrLine: {'line': b'   54 | ecoded(_u8 ansType, _u32 customCode, const void* data, \x1b[01;35m\x1b[Ksize_t size\x1b[m\x1b[K) {}\n'}
[10.581334] (rplidar_ros) StderrLine: {'line': b'      |                                                        \x1b[01;35m\x1b[K~~~~~~~^~~~\x1b[m\x1b[K\n'}
[10.581459] (rplidar_ros) StderrLine: {'line': b'\n'}
[10.581601] (rplidar_ros) StderrLine: {'line': b'\x1b[01m\x1b[K/home/ltr/aizee/jetson_ws/src/rplidar_ros/sdk/src/dataunpacker/unpacker/../dataunpacker.h:\x1b[m\x1b[K In member function \xe2\x80\x98\x1b[01m\x1b[Kvirtual void sl::internal::LIDARSampleDataListener::onDecodingError(int, _u8, const void*, size_t)\x1b[m\x1b[K\xe2\x80\x99:\n'}
[10.581749] (rplidar_ros) StderrLine: {'line': b'\x1b[01m\x1b[K/home/ltr/aizee/jetson_ws/src/rplidar_ros/sdk/src/dataunpacker/unpacker/../dataunpacker.h:56:42:\x1b[m\x1b[K \x1b[01;35m\x1b[Kwarning: \x1b[m\x1b[Kunused parameter \xe2\x80\x98\x1b[01m\x1b[KerrMsg\x1b[m\x1b[K\xe2\x80\x99 [\x1b[01;35m\x1b[K\x1b]8;;https://gcc.gnu.org/onlinedocs/gcc/Warning-Options.html#index-Wunused-parameter\x07-Wunused-parameter\x1b]8;;\x07\x1b[m\x1b[K]\n'}
[10.581882] (rplidar_ros) StderrLine: {'line': b'   56 |         virtual void onDecodingError(\x1b[01;35m\x1b[Kint errMsg\x1b[m\x1b[K, _u8 ansType, const void* payload, size_t size) {}\n'}
[10.582015] (rplidar_ros) StderrLine: {'line': b'      |                                      \x1b[01;35m\x1b[K~~~~^~~~~~\x1b[m\x1b[K\n'}
[10.582139] (rplidar_ros) StderrLine: {'line': b'\x1b[01m\x1b[K/home/ltr/aizee/jetson_ws/src/rplidar_ros/sdk/src/dataunpacker/unpacker/../dataunpacker.h:56:54:\x1b[m\x1b[K \x1b[01;35m\x1b[Kwarning: \x1b[m\x1b[Kunused parameter \xe2\x80\x98\x1b[01m\x1b[KansType\x1b[m\x1b[K\xe2\x80\x99 [\x1b[01;35m\x1b[K\x1b]8;;https://gcc.gnu.org/onlinedocs/gcc/Warning-Options.html#index-Wunused-parameter\x07-Wunused-parameter\x1b]8;;\x07\x1b[m\x1b[K]\n'}
[10.582271] (rplidar_ros) StderrLine: {'line': b'   56 |         virtual void onDecodingError(int errMsg, \x1b[01;35m\x1b[K_u8 ansType\x1b[m\x1b[K, const void* payload, size_t size) {}\n'}
[10.582397] (rplidar_ros) StderrLine: {'line': b'      |                                                  \x1b[01;35m\x1b[K~~~~^~~~~~~\x1b[m\x1b[K\n'}
[10.582522] (rplidar_ros) StderrLine: {'line': b'\x1b[01m\x1b[K/home/ltr/aizee/jetson_ws/src/rplidar_ros/sdk/src/dataunpacker/unpacker/../dataunpacker.h:56:75:\x1b[m\x1b[K \x1b[01;35m\x1b[Kwarning: \x1b[m\x1b[Kunused parameter \xe2\x80\x98\x1b[01m\x1b[Kpayload\x1b[m\x1b[K\xe2\x80\x99 [\x1b[01;35m\x1b[K\x1b]8;;https://gcc.gnu.org/onlinedocs/gcc/Warning-Options.html#index-Wunused-parameter\x07-Wunused-parameter\x1b]8;;\x07\x1b[m\x1b[K]\n'}
[10.582650] (rplidar_ros) StderrLine: {'line': b'   56 |  void onDecodingError(int errMsg, _u8 ansType, \x1b[01;35m\x1b[Kconst void* payload\x1b[m\x1b[K, size_t size) {}\n'}
[10.582774] (rplidar_ros) StderrLine: {'line': b'      |                                                \x1b[01;35m\x1b[K~~~~~~~~~~~~^~~~~~~\x1b[m\x1b[K\n'}
[10.582896] (rplidar_ros) StderrLine: {'line': b'\n'}
[10.583013] (rplidar_ros) StderrLine: {'line': b'\x1b[01m\x1b[K/home/ltr/aizee/jetson_ws/src/rplidar_ros/sdk/src/dataunpacker/unpacker/../dataunpacker.h:56:91:\x1b[m\x1b[K \x1b[01;35m\x1b[Kwarning: \x1b[m\x1b[Kunused parameter \xe2\x80\x98\x1b[01m\x1b[Ksize\x1b[m\x1b[K\xe2\x80\x99 [\x1b[01;35m\x1b[K\x1b]8;;https://gcc.gnu.org/onlinedocs/gcc/Warning-Options.html#index-Wunused-parameter\x07-Wunused-parameter\x1b]8;;\x07\x1b[m\x1b[K]\n'}
[10.583141] (rplidar_ros) StderrLine: {'line': b'   56 | ingError(int errMsg, _u8 ansType, const void* payload, \x1b[01;35m\x1b[Ksize_t size\x1b[m\x1b[K) {}\n'}
[10.583262] (rplidar_ros) StderrLine: {'line': b'      |                                                        \x1b[01;35m\x1b[K~~~~~~~^~~~\x1b[m\x1b[K\n'}
[10.583379] (rplidar_ros) StderrLine: {'line': b'\n'}
[10.596190] (rplidar_ros) StderrLine: {'line': b'In file included from \x1b[01m\x1b[K/home/ltr/aizee/jetson_ws/src/rplidar_ros/sdk/include/sl_lidar_cmd.h:41\x1b[m\x1b[K,\n'}
[10.597147] (rplidar_ros) StderrLine: {'line': b'                 from \x1b[01m\x1b[K/home/ltr/aizee/jetson_ws/src/rplidar_ros/sdk/include/sl_lidar_driver.h:54\x1b[m\x1b[K,\n'}
[10.597405] (rplidar_ros) StderrLine: {'line': b'                 from \x1b[01m\x1b[K/home/ltr/aizee/jetson_ws/src/rplidar_ros/sdk/include/sl_lidar.h:36\x1b[m\x1b[K,\n'}
[10.597571] (rplidar_ros) StderrLine: {'line': b'                 from \x1b[01m\x1b[K/home/ltr/aizee/jetson_ws/src/rplidar_ros/src/rplidar_node.cpp:38\x1b[m\x1b[K:\n'}
[10.597778] (rplidar_ros) StderrLine: {'line': b'\x1b[01m\x1b[K/home/ltr/aizee/jetson_ws/src/rplidar_ros/sdk/include/sl_lidar_protocol.h:66:16:\x1b[m\x1b[K \x1b[01;35m\x1b[Kwarning: \x1b[m\x1b[KISO C++ forbids zero-size array \xe2\x80\x98\x1b[01m\x1b[Kdata\x1b[m\x1b[K\xe2\x80\x99 [\x1b[01;35m\x1b[K\x1b]8;;https://gcc.gnu.org/onlinedocs/gcc/Warning-Options.html#index-Wpedantic\x07-Wpedantic\x1b]8;;\x07\x1b[m\x1b[K]\n'}
[10.597974] (rplidar_ros) StderrLine: {'line': b'   66 |     sl_u8 data[\x1b[01;35m\x1b[K0\x1b[m\x1b[K];\n'}
[10.598113] (rplidar_ros) StderrLine: {'line': b'      |                \x1b[01;35m\x1b[K^\x1b[m\x1b[K\n'}
[10.598244] (rplidar_ros) StderrLine: {'line': b'In file included from \x1b[01m\x1b[K/home/ltr/aizee/jetson_ws/src/rplidar_ros/sdk/include/sl_lidar_driver.h:54\x1b[m\x1b[K,\n'}
[10.598374] (rplidar_ros) StderrLine: {'line': b'                 from \x1b[01m\x1b[K/home/ltr/aizee/jetson_ws/src/rplidar_ros/sdk/include/sl_lidar.h:36\x1b[m\x1b[K,\n'}
[10.598502] (rplidar_ros) StderrLine: {'line': b'                 from \x1b[01m\x1b[K/home/ltr/aizee/jetson_ws/src/rplidar_ros/src/rplidar_node.cpp:38\x1b[m\x1b[K:\n'}
[10.598626] (rplidar_ros) StderrLine: {'line': b'\x1b[01m\x1b[K/home/ltr/aizee/jetson_ws/src/rplidar_ros/sdk/include/sl_lidar_cmd.h:324:20:\x1b[m\x1b[K \x1b[01;35m\x1b[Kwarning: \x1b[m\x1b[KISO C++ forbids zero-size array \xe2\x80\x98\x1b[01m\x1b[Kpayload\x1b[m\x1b[K\xe2\x80\x99 [\x1b[01;35m\x1b[K\x1b]8;;https://gcc.gnu.org/onlinedocs/gcc/Warning-Options.html#index-Wpedantic\x07-Wpedantic\x1b]8;;\x07\x1b[m\x1b[K]\n'}
[10.598792] (rplidar_ros) StderrLine: {'line': b'  324 |     sl_u8  payload[\x1b[01;35m\x1b[K0\x1b[m\x1b[K];\n'}
[10.598919] (rplidar_ros) StderrLine: {'line': b'      |                    \x1b[01;35m\x1b[K^\x1b[m\x1b[K\n'}
[10.611669] (rplidar_ros) StderrLine: {'line': b'\x1b[01m\x1b[K/home/ltr/aizee/jetson_ws/src/rplidar_ros/sdk/src/dataunpacker/unpacker/handler_capsules.cpp:\x1b[m\x1b[K In member function \xe2\x80\x98\x1b[01m\x1b[Kvoid sl::internal::unpacker::UnpackerHandler_DenseCapsuleNode::_onScanNodeDenseCapsuleData(rplidar_response_dense_capsule_measurement_nodes_t&, sl::internal::LIDARSampleDataUnpackerInner*)\x1b[m\x1b[K\xe2\x80\x99:\n'}
[10.612503] (rplidar_ros) StderrLine: {'line': b'\x1b[01m\x1b[K/home/ltr/aizee/jetson_ws/src/rplidar_ros/sdk/src/dataunpacker/unpacker/handler_capsules.cpp:763:30:\x1b[m\x1b[K \x1b[01;35m\x1b[Kwarning: \x1b[m\x1b[Ktype qualifiers ignored on cast result type [\x1b[01;35m\x1b[K\x1b]8;;https://gcc.gnu.org/onlinedocs/gcc/Warning-Options.html#index-Wignored-qualifiers\x07-Wignored-qualifiers\x1b]8;;\x07\x1b[m\x1b[K]\n'}
[10.612767] (rplidar_ros) StderrLine: {'line': b'  763 |             const int dist = \x1b[01;35m\x1b[Kstatic_cast<const int>(_cached_previous_dense_capsuledata.cabins[pos].distance)\x1b[m\x1b[K;\n'}
[10.613036] (rplidar_ros) StderrLine: {'line': b'      |                              \x1b[01;35m\x1b[K^~~~~~~~~~~~~~~~~~~~~~~~~~~~~~~~~~~~~~~~~~~~~~~~~~~~~~~~~~~~~~~~~~~~~~~~~~~~~~~\x1b[m\x1b[K\n'}
[10.622419] (-) TimerEvent: {}
[10.723613] (-) TimerEvent: {}
[10.827165] (-) TimerEvent: {}
[10.868429] (rplidar_ros) StderrLine: {'line': b'In file included from \x1b[01m\x1b[K/home/ltr/aizee/jetson_ws/src/rplidar_ros/sdk/src/sl_async_transceiver.cpp:44\x1b[m\x1b[K:\n'}
[10.869590] (rplidar_ros) StderrLine: {'line': b'\x1b[01m\x1b[K/home/ltr/aizee/jetson_ws/src/rplidar_ros/sdk/src/sl_async_transceiver.h:\x1b[m\x1b[K In member function \xe2\x80\x98\x1b[01m\x1b[Kvirtual void sl::internal::IAsyncProtocolCodec::onChannelError(u_result)\x1b[m\x1b[K\xe2\x80\x99:\n'}
[10.870043] (rplidar_ros) StderrLine: {'line': b'\x1b[01m\x1b[K/home/ltr/aizee/jetson_ws/src/rplidar_ros/sdk/src/sl_async_transceiver.h:90:48:\x1b[m\x1b[K \x1b[01;35m\x1b[Kwarning: \x1b[m\x1b[Kunused parameter \xe2\x80\x98\x1b[01m\x1b[KerrCode\x1b[m\x1b[K\xe2\x80\x99 [\x1b[01;35m\x1b[K\x1b]8;;https://gcc.gnu.org/onlinedocs/gcc/Warning-Options.html#index-Wunused-parameter\x07-Wunused-parameter\x1b]8;;\x07\x1b[m\x1b[K]\n'}
[10.870429] (rplidar_ros) StderrLine: {'line': b'   90 |         virtual void   onChannelError(\x1b[01;35m\x1b[Ku_result errCode\x1b[m\x1b[K) {}\n'}
[10.870727] (rplidar_ros) StderrLine: {'line': b'      |                                       \x1b[01;35m\x1b[K~~~~~~~~~^~~~~~~\x1b[m\x1b[K\n'}
[10.927505] (-) TimerEvent: {}
[11.030361] (-) TimerEvent: {}
[11.098159] (rplidar_ros) StdoutLine: {'line': b'[ 55%] \x1b[32mBuilding CXX object CMakeFiles/rplidar_composition.dir/sdk/src/dataunpacker/unpacker/handler_hqnode.cpp.o\x1b[0m\n'}
[11.130695] (-) TimerEvent: {}
[11.233437] (-) TimerEvent: {}
[11.315235] (rplidar_ros) StdoutLine: {'line': b'[ 57%] \x1b[32mBuilding CXX object CMakeFiles/rplidar_node.dir/sdk/src/sl_lidarprotocol_codec.cpp.o\x1b[0m\n'}
[11.333769] (-) TimerEvent: {}
[11.435088] (-) TimerEvent: {}
[11.458033] (rplidar_ros) StderrLine: {'line': b'In file included from \x1b[01m\x1b[K/home/ltr/aizee/jetson_ws/src/rplidar_ros/sdk/include/rplidar_protocol.h:36\x1b[m\x1b[K,\n'}
[11.459031] (rplidar_ros) StderrLine: {'line': b'                 from \x1b[01m\x1b[K/home/ltr/aizee/jetson_ws/src/rplidar_ros/sdk/include/rplidar.h:39\x1b[m\x1b[K,\n'}
[11.459247] (rplidar_ros) StderrLine: {'line': b'                 from \x1b[01m\x1b[K/home/ltr/aizee/jetson_ws/src/rplidar_ros/sdk/src/sdkcommon.h:49\x1b[m\x1b[K,\n'}
[11.459407] (rplidar_ros) StderrLine: {'line': b'                 from \x1b[01m\x1b[K/home/ltr/aizee/jetson_ws/src/rplidar_ros/sdk/src/sl_lidar_driver.cpp:33\x1b[m\x1b[K:\n'}
[11.459555] (rplidar_ros) StderrLine: {'line': b'\x1b[01m\x1b[K/home/ltr/aizee/jetson_ws/src/rplidar_ros/sdk/include/sl_lidar_protocol.h:66:16:\x1b[m\x1b[K \x1b[01;35m\x1b[Kwarning: \x1b[m\x1b[KISO C++ forbids zero-size array \xe2\x80\x98\x1b[01m\x1b[Kdata\x1b[m\x1b[K\xe2\x80\x99 [\x1b[01;35m\x1b[K\x1b]8;;https://gcc.gnu.org/onlinedocs/gcc/Warning-Options.html#index-Wpedantic\x07-Wpedantic\x1b]8;;\x07\x1b[m\x1b[K]\n'}
[11.459756] (rplidar_ros) StderrLine: {'line': b'   66 |     sl_u8 data[\x1b[01;35m\x1b[K0\x1b[m\x1b[K];\n'}
[11.459918] (rplidar_ros) StderrLine: {'line': b'      |                \x1b[01;35m\x1b[K^\x1b[m\x1b[K\n'}
[11.460286] (rplidar_ros) StderrLine: {'line': b'In file included from \x1b[01m\x1b[K/home/ltr/aizee/jetson_ws/src/rplidar_ros/sdk/include/rplidar_cmd.h:36\x1b[m\x1b[K,\n'}
[11.460753] (rplidar_ros) StderrLine: {'line': b'                 from \x1b[01m\x1b[K/home/ltr/aizee/jetson_ws/src/rplidar_ros/sdk/include/rplidar.h:40\x1b[m\x1b[K,\n'}
[11.461032] (rplidar_ros) StderrLine: {'line': b'                 from \x1b[01m\x1b[K/home/ltr/aizee/jetson_ws/src/rplidar_ros/sdk/src/sdkcommon.h:49\x1b[m\x1b[K,\n'}
[11.461179] (rplidar_ros) StderrLine: {'line': b'                 from \x1b[01m\x1b[K/home/ltr/aizee/jetson_ws/src/rplidar_ros/sdk/src/sl_lidar_driver.cpp:33\x1b[m\x1b[K:\n'}
[11.461314] (rplidar_ros) StderrLine: {'line': b'\x1b[01m\x1b[K/home/ltr/aizee/jetson_ws/src/rplidar_ros/sdk/include/sl_lidar_cmd.h:324:20:\x1b[m\x1b[K \x1b[01;35m\x1b[Kwarning: \x1b[m\x1b[KISO C++ forbids zero-size array \xe2\x80\x98\x1b[01m\x1b[Kpayload\x1b[m\x1b[K\xe2\x80\x99 [\x1b[01;35m\x1b[K\x1b]8;;https://gcc.gnu.org/onlinedocs/gcc/Warning-Options.html#index-Wpedantic\x07-Wpedantic\x1b]8;;\x07\x1b[m\x1b[K]\n'}
[11.461462] (rplidar_ros) StderrLine: {'line': b'  324 |     sl_u8  payload[\x1b[01;35m\x1b[K0\x1b[m\x1b[K];\n'}
[11.461591] (rplidar_ros) StderrLine: {'line': b'      |                    \x1b[01;35m\x1b[K^\x1b[m\x1b[K\n'}
[11.535429] (-) TimerEvent: {}
[11.636634] (-) TimerEvent: {}
[11.737850] (-) TimerEvent: {}
[11.839074] (-) TimerEvent: {}
[11.940285] (-) TimerEvent: {}
[12.021672] (rplidar_ros) StderrLine: {'line': b'In file included from \x1b[01m\x1b[K/home/ltr/aizee/jetson_ws/src/rplidar_ros/sdk/src/sl_lidar_driver.cpp:50\x1b[m\x1b[K:\n'}
[12.023146] (rplidar_ros) StderrLine: {'line': b'\x1b[01m\x1b[K/home/ltr/aizee/jetson_ws/src/rplidar_ros/sdk/src/dataunpacker/dataunpacker.h:\x1b[m\x1b[K In member function \xe2\x80\x98\x1b[01m\x1b[Kvirtual void sl::internal::LIDARSampleDataListener::onCustomSampleDataDecoded(_u8, _u32, const void*, size_t)\x1b[m\x1b[K\xe2\x80\x99:\n'}
[12.023471] (rplidar_ros) StderrLine: {'line': b'\x1b[01m\x1b[K/home/ltr/aizee/jetson_ws/src/rplidar_ros/sdk/src/dataunpacker/dataunpacker.h:54:52:\x1b[m\x1b[K \x1b[01;35m\x1b[Kwarning: \x1b[m\x1b[Kunused parameter \xe2\x80\x98\x1b[01m\x1b[KansType\x1b[m\x1b[K\xe2\x80\x99 [\x1b[01;35m\x1b[K\x1b]8;;https://gcc.gnu.org/onlinedocs/gcc/Warning-Options.html#index-Wunused-parameter\x07-Wunused-parameter\x1b]8;;\x07\x1b[m\x1b[K]\n'}
[12.023686] (rplidar_ros) StderrLine: {'line': b'   54 |         virtual void onCustomSampleDataDecoded(\x1b[01;35m\x1b[K_u8 ansType\x1b[m\x1b[K, _u32 customCode, const void* data, size_t size) {}\n'}
[12.023846] (rplidar_ros) StderrLine: {'line': b'      |                                                \x1b[01;35m\x1b[K~~~~^~~~~~~\x1b[m\x1b[K\n'}
[12.023984] (rplidar_ros) StderrLine: {'line': b'\x1b[01m\x1b[K/home/ltr/aizee/jetson_ws/src/rplidar_ros/sdk/src/dataunpacker/dataunpacker.h:54:66:\x1b[m\x1b[K \x1b[01;35m\x1b[Kwarning: \x1b[m\x1b[Kunused parameter \xe2\x80\x98\x1b[01m\x1b[KcustomCode\x1b[m\x1b[K\xe2\x80\x99 [\x1b[01;35m\x1b[K\x1b]8;;https://gcc.gnu.org/onlinedocs/gcc/Warning-Options.html#index-Wunused-parameter\x07-Wunused-parameter\x1b]8;;\x07\x1b[m\x1b[K]\n'}
[12.024159] (rplidar_ros) StderrLine: {'line': b'   54 |   virtual void onCustomSampleDataDecoded(_u8 ansType, \x1b[01;35m\x1b[K_u32 customCode\x1b[m\x1b[K, const void* data, size_t size) {}\n'}
[12.024296] (rplidar_ros) StderrLine: {'line': b'      |                                                       \x1b[01;35m\x1b[K~~~~~^~~~~~~~~~\x1b[m\x1b[K\n'}
[12.024426] (rplidar_ros) StderrLine: {'line': b'\n'}
[12.024553] (rplidar_ros) StderrLine: {'line': b'\x1b[01m\x1b[K/home/ltr/aizee/jetson_ws/src/rplidar_ros/sdk/src/dataunpacker/dataunpacker.h:54:90:\x1b[m\x1b[K \x1b[01;35m\x1b[Kwarning: \x1b[m\x1b[Kunused parameter \xe2\x80\x98\x1b[01m\x1b[Kdata\x1b[m\x1b[K\xe2\x80\x99 [\x1b[01;35m\x1b[K\x1b]8;;https://gcc.gnu.org/onlinedocs/gcc/Warning-Options.html#index-Wunused-parameter\x07-Wunused-parameter\x1b]8;;\x07\x1b[m\x1b[K]\n'}
[12.024691] (rplidar_ros) StderrLine: {'line': b'   54 | ampleDataDecoded(_u8 ansType, _u32 customCode, \x1b[01;35m\x1b[Kconst void* data\x1b[m\x1b[K, size_t size) {}\n'}
[12.024823] (rplidar_ros) StderrLine: {'line': b'      |                                                \x1b[01;35m\x1b[K~~~~~~~~~~~~^~~~\x1b[m\x1b[K\n'}
[12.025077] (rplidar_ros) StderrLine: {'line': b'\n'}
[12.025201] (rplidar_ros) StderrLine: {'line': b'\x1b[01m\x1b[K/home/ltr/aizee/jetson_ws/src/rplidar_ros/sdk/src/dataunpacker/dataunpacker.h:54:103:\x1b[m\x1b[K \x1b[01;35m\x1b[Kwarning: \x1b[m\x1b[Kunused parameter \xe2\x80\x98\x1b[01m\x1b[Ksize\x1b[m\x1b[K\xe2\x80\x99 [\x1b[01;35m\x1b[K\x1b]8;;https://gcc.gnu.org/onlinedocs/gcc/Warning-Options.html#index-Wunused-parameter\x07-Wunused-parameter\x1b]8;;\x07\x1b[m\x1b[K]\n'}
[12.025336] (rplidar_ros) StderrLine: {'line': b'   54 | ecoded(_u8 ansType, _u32 customCode, const void* data, \x1b[01;35m\x1b[Ksize_t size\x1b[m\x1b[K) {}\n'}
[12.025459] (rplidar_ros) StderrLine: {'line': b'      |                                                        \x1b[01;35m\x1b[K~~~~~~~^~~~\x1b[m\x1b[K\n'}
[12.025592] (rplidar_ros) StderrLine: {'line': b'\n'}
[12.025719] (rplidar_ros) StderrLine: {'line': b'\x1b[01m\x1b[K/home/ltr/aizee/jetson_ws/src/rplidar_ros/sdk/src/dataunpacker/dataunpacker.h:\x1b[m\x1b[K In member function \xe2\x80\x98\x1b[01m\x1b[Kvirtual void sl::internal::LIDARSampleDataListener::onDecodingError(int, _u8, const void*, size_t)\x1b[m\x1b[K\xe2\x80\x99:\n'}
[12.025853] (rplidar_ros) StderrLine: {'line': b'\x1b[01m\x1b[K/home/ltr/aizee/jetson_ws/src/rplidar_ros/sdk/src/dataunpacker/dataunpacker.h:56:42:\x1b[m\x1b[K \x1b[01;35m\x1b[Kwarning: \x1b[m\x1b[Kunused parameter \xe2\x80\x98\x1b[01m\x1b[KerrMsg\x1b[m\x1b[K\xe2\x80\x99 [\x1b[01;35m\x1b[K\x1b]8;;https://gcc.gnu.org/onlinedocs/gcc/Warning-Options.html#index-Wunused-parameter\x07-Wunused-parameter\x1b]8;;\x07\x1b[m\x1b[K]\n'}
[12.026033] (rplidar_ros) StderrLine: {'line': b'   56 |         virtual void onDecodingError(\x1b[01;35m\x1b[Kint errMsg\x1b[m\x1b[K, _u8 ansType, const void* payload, size_t size) {}\n'}
[12.026163] (rplidar_ros) StderrLine: {'line': b'      |                                      \x1b[01;35m\x1b[K~~~~^~~~~~\x1b[m\x1b[K\n'}
[12.026287] (rplidar_ros) StderrLine: {'line': b'\x1b[01m\x1b[K/home/ltr/aizee/jetson_ws/src/rplidar_ros/sdk/src/dataunpacker/dataunpacker.h:56:54:\x1b[m\x1b[K \x1b[01;35m\x1b[Kwarning: \x1b[m\x1b[Kunused parameter \xe2\x80\x98\x1b[01m\x1b[KansType\x1b[m\x1b[K\xe2\x80\x99 [\x1b[01;35m\x1b[K\x1b]8;;https://gcc.gnu.org/onlinedocs/gcc/Warning-Options.html#index-Wunused-parameter\x07-Wunused-parameter\x1b]8;;\x07\x1b[m\x1b[K]\n'}
[12.026442] (rplidar_ros) StderrLine: {'line': b'   56 |         virtual void onDecodingError(int errMsg, \x1b[01;35m\x1b[K_u8 ansType\x1b[m\x1b[K, const void* payload, size_t size) {}\n'}
[12.026572] (rplidar_ros) StderrLine: {'line': b'      |                                                  \x1b[01;35m\x1b[K~~~~^~~~~~~\x1b[m\x1b[K\n'}
[12.026697] (rplidar_ros) StderrLine: {'line': b'\x1b[01m\x1b[K/home/ltr/aizee/jetson_ws/src/rplidar_ros/sdk/src/dataunpacker/dataunpacker.h:56:75:\x1b[m\x1b[K \x1b[01;35m\x1b[Kwarning: \x1b[m\x1b[Kunused parameter \xe2\x80\x98\x1b[01m\x1b[Kpayload\x1b[m\x1b[K\xe2\x80\x99 [\x1b[01;35m\x1b[K\x1b]8;;https://gcc.gnu.org/onlinedocs/gcc/Warning-Options.html#index-Wunused-parameter\x07-Wunused-parameter\x1b]8;;\x07\x1b[m\x1b[K]\n'}
[12.026824] (rplidar_ros) StderrLine: {'line': b'   56 |  void onDecodingError(int errMsg, _u8 ansType, \x1b[01;35m\x1b[Kconst void* payload\x1b[m\x1b[K, size_t size) {}\n'}
[12.026948] (rplidar_ros) StderrLine: {'line': b'      |                                                \x1b[01;35m\x1b[K~~~~~~~~~~~~^~~~~~~\x1b[m\x1b[K\n'}
[12.027072] (rplidar_ros) StderrLine: {'line': b'\n'}
[12.027190] (rplidar_ros) StderrLine: {'line': b'\x1b[01m\x1b[K/home/ltr/aizee/jetson_ws/src/rplidar_ros/sdk/src/dataunpacker/dataunpacker.h:56:91:\x1b[m\x1b[K \x1b[01;35m\x1b[Kwarning: \x1b[m\x1b[Kunused parameter \xe2\x80\x98\x1b[01m\x1b[Ksize\x1b[m\x1b[K\xe2\x80\x99 [\x1b[01;35m\x1b[K\x1b]8;;https://gcc.gnu.org/onlinedocs/gcc/Warning-Options.html#index-Wunused-parameter\x07-Wunused-parameter\x1b]8;;\x07\x1b[m\x1b[K]\n'}
[12.027319] (rplidar_ros) StderrLine: {'line': b'   56 | ingError(int errMsg, _u8 ansType, const void* payload, \x1b[01;35m\x1b[Ksize_t size\x1b[m\x1b[K) {}\n'}
[12.027444] (rplidar_ros) StderrLine: {'line': b'      |                                                        \x1b[01;35m\x1b[K~~~~~~~^~~~\x1b[m\x1b[K\n'}
[12.027566] (rplidar_ros) StderrLine: {'line': b'\n'}
[12.040662] (-) TimerEvent: {}
[12.049078] (rplidar_ros) StderrLine: {'line': b'In file included from \x1b[01m\x1b[K/home/ltr/aizee/jetson_ws/src/rplidar_ros/sdk/src/sl_lidar_driver.cpp:51\x1b[m\x1b[K:\n'}
[12.050109] (rplidar_ros) StderrLine: {'line': b'\x1b[01m\x1b[K/home/ltr/aizee/jetson_ws/src/rplidar_ros/sdk/src/sl_async_transceiver.h:\x1b[m\x1b[K In member function \xe2\x80\x98\x1b[01m\x1b[Kvirtual void sl::internal::IAsyncProtocolCodec::onChannelError(u_result)\x1b[m\x1b[K\xe2\x80\x99:\n'}
[12.050416] (rplidar_ros) StderrLine: {'line': b'\x1b[01m\x1b[K/home/ltr/aizee/jetson_ws/src/rplidar_ros/sdk/src/sl_async_transceiver.h:90:48:\x1b[m\x1b[K \x1b[01;35m\x1b[Kwarning: \x1b[m\x1b[Kunused parameter \xe2\x80\x98\x1b[01m\x1b[KerrCode\x1b[m\x1b[K\xe2\x80\x99 [\x1b[01;35m\x1b[K\x1b]8;;https://gcc.gnu.org/onlinedocs/gcc/Warning-Options.html#index-Wunused-parameter\x07-Wunused-parameter\x1b]8;;\x07\x1b[m\x1b[K]\n'}
[12.050628] (rplidar_ros) StderrLine: {'line': b'   90 |         virtual void   onChannelError(\x1b[01;35m\x1b[Ku_result errCode\x1b[m\x1b[K) {}\n'}
[12.050783] (rplidar_ros) StderrLine: {'line': b'      |                                       \x1b[01;35m\x1b[K~~~~~~~~~^~~~~~~\x1b[m\x1b[K\n'}
[12.116143] (rplidar_ros) StderrLine: {'line': b'\x1b[01m\x1b[K/home/ltr/aizee/jetson_ws/src/rplidar_ros/sdk/src/sl_lidar_driver.cpp:\x1b[m\x1b[K In member function \xe2\x80\x98\x1b[01m\x1b[Kvirtual sl_result sl::SlamtecLidarDriver::reset(sl_u32)\x1b[m\x1b[K\xe2\x80\x99:\n'}
[12.117151] (rplidar_ros) StderrLine: {'line': b'\x1b[01m\x1b[K/home/ltr/aizee/jetson_ws/src/rplidar_ros/sdk/src/sl_lidar_driver.cpp:511:32:\x1b[m\x1b[K \x1b[01;35m\x1b[Kwarning: \x1b[m\x1b[Kunused parameter \xe2\x80\x98\x1b[01m\x1b[KtimeoutInMs\x1b[m\x1b[K\xe2\x80\x99 [\x1b[01;35m\x1b[K\x1b]8;;https://gcc.gnu.org/onlinedocs/gcc/Warning-Options.html#index-Wunused-parameter\x07-Wunused-parameter\x1b]8;;\x07\x1b[m\x1b[K]\n'}
[12.117408] (rplidar_ros) StderrLine: {'line': b'  511 |         sl_result reset(\x1b[01;35m\x1b[Ksl_u32 timeoutInMs = DEFAULT_TIMEOUT\x1b[m\x1b[K)\n'}
[12.117571] (rplidar_ros) StderrLine: {'line': b'      |                         \x1b[01;35m\x1b[K~~~~~~~^~~~~~~~~~~~~~~~~~~~~~~~~~~~~\x1b[m\x1b[K\n'}
[12.127703] (rplidar_ros) StderrLine: {'line': b'\x1b[01m\x1b[K/home/ltr/aizee/jetson_ws/src/rplidar_ros/sdk/src/sl_lidar_driver.cpp:\x1b[m\x1b[K In member function \xe2\x80\x98\x1b[01m\x1b[Kvirtual sl_result sl::SlamtecLidarDriver::startScan(bool, bool, sl_u32, sl::LidarScanMode*)\x1b[m\x1b[K\xe2\x80\x99:\n'}
[12.128743] (rplidar_ros) StderrLine: {'line': b'\x1b[01m\x1b[K/home/ltr/aizee/jetson_ws/src/rplidar_ros/sdk/src/sl_lidar_driver.cpp:586:69:\x1b[m\x1b[K \x1b[01;35m\x1b[Kwarning: \x1b[m\x1b[Kunused parameter \xe2\x80\x98\x1b[01m\x1b[Koptions\x1b[m\x1b[K\xe2\x80\x99 [\x1b[01;35m\x1b[K\x1b]8;;https://gcc.gnu.org/onlinedocs/gcc/Warning-Options.html#index-Wunused-parameter\x07-Wunused-parameter\x1b]8;;\x07\x1b[m\x1b[K]\n'}
[12.129100] (rplidar_ros) StderrLine: {'line': b'  586 | l_result startScan(bool force, bool useTypicalScan, \x1b[01;35m\x1b[Ksl_u32 options = 0\x1b[m\x1b[K, LidarScanMode* outUsedScanMode = nullptr)\n'}
[12.129283] (rplidar_ros) StderrLine: {'line': b'      |                                                     \x1b[01;35m\x1b[K~~~~~~~^~~~~~~~~~~\x1b[m\x1b[K\n'}
[12.129436] (rplidar_ros) StderrLine: {'line': b'\n'}
[12.133607] (rplidar_ros) StderrLine: {'line': b'\x1b[01m\x1b[K/home/ltr/aizee/jetson_ws/src/rplidar_ros/sdk/src/sl_lidar_driver.cpp:\x1b[m\x1b[K In member function \xe2\x80\x98\x1b[01m\x1b[Kvirtual sl_result sl::SlamtecLidarDriver::stop(sl_u32)\x1b[m\x1b[K\xe2\x80\x99:\n'}
[12.134486] (rplidar_ros) StderrLine: {'line': b'\x1b[01m\x1b[K/home/ltr/aizee/jetson_ws/src/rplidar_ros/sdk/src/sl_lidar_driver.cpp:763:31:\x1b[m\x1b[K \x1b[01;35m\x1b[Kwarning: \x1b[m\x1b[Kunused parameter \xe2\x80\x98\x1b[01m\x1b[Ktimeout\x1b[m\x1b[K\xe2\x80\x99 [\x1b[01;35m\x1b[K\x1b]8;;https://gcc.gnu.org/onlinedocs/gcc/Warning-Options.html#index-Wunused-parameter\x07-Wunused-parameter\x1b]8;;\x07\x1b[m\x1b[K]\n'}
[12.134797] (rplidar_ros) StderrLine: {'line': b'  763 |         sl_result stop(\x1b[01;35m\x1b[Ksl_u32 timeout = DEFAULT_TIMEOUT\x1b[m\x1b[K)\n'}
[12.134968] (rplidar_ros) StderrLine: {'line': b'      |                        \x1b[01;35m\x1b[K~~~~~~~^~~~~~~~~~~~~~~~~~~~~~~~~\x1b[m\x1b[K\n'}
[12.139577] (rplidar_ros) StderrLine: {'line': b'\x1b[01m\x1b[K/home/ltr/aizee/jetson_ws/src/rplidar_ros/sdk/src/sl_lidar_driver.cpp:\x1b[m\x1b[K In member function \xe2\x80\x98\x1b[01m\x1b[Kvirtual sl_result sl::SlamtecLidarDriver::getFrequency(const sl::LidarScanMode&, const sl_lidar_response_measurement_node_hq_t*, size_t, float&)\x1b[m\x1b[K\xe2\x80\x99:\n'}
[12.140438] (rplidar_ros) StderrLine: {'line': b'\x1b[01m\x1b[K/home/ltr/aizee/jetson_ws/src/rplidar_ros/sdk/src/sl_lidar_driver.cpp:880:110:\x1b[m\x1b[K \x1b[01;35m\x1b[Kwarning: \x1b[m\x1b[Kunused parameter \xe2\x80\x98\x1b[01m\x1b[Knodes\x1b[m\x1b[K\xe2\x80\x99 [\x1b[01;35m\x1b[K\x1b]8;;https://gcc.gnu.org/onlinedocs/gcc/Warning-Options.html#index-Wunused-parameter\x07-Wunused-parameter\x1b]8;;\x07\x1b[m\x1b[K]\n'}
[12.140661] (-) TimerEvent: {}
[12.141155] (rplidar_ros) StderrLine: {'line': b'  880 | & scanMode, \x1b[01;35m\x1b[Kconst sl_lidar_response_measurement_node_hq_t* nodes\x1b[m\x1b[K, size_t count, float& frequency)\n'}
[12.141380] (rplidar_ros) StderrLine: {'line': b'      |             \x1b[01;35m\x1b[K~~~~~~~~~~~~~~~~~~~~~~~~~~~~~~~~~~~~~~~~~~~~~~~^~~~~\x1b[m\x1b[K\n'}
[12.141604] (rplidar_ros) StderrLine: {'line': b'\n'}
[12.146869] (rplidar_ros) StderrLine: {'line': b'\x1b[01m\x1b[K/home/ltr/aizee/jetson_ws/src/rplidar_ros/sdk/src/sl_lidar_driver.cpp:\x1b[m\x1b[K In member function \xe2\x80\x98\x1b[01m\x1b[Kvirtual sl_result sl::SlamtecLidarDriver::getMotorInfo(sl::LidarMotorInfo&, sl_u32)\x1b[m\x1b[K\xe2\x80\x99:\n'}
[12.147507] (rplidar_ros) StderrLine: {'line': b'\x1b[01m\x1b[K/home/ltr/aizee/jetson_ws/src/rplidar_ros/sdk/src/sl_lidar_driver.cpp:1023:66:\x1b[m\x1b[K \x1b[01;35m\x1b[Kwarning: \x1b[m\x1b[Kunused parameter \xe2\x80\x98\x1b[01m\x1b[KtimeoutInMs\x1b[m\x1b[K\xe2\x80\x99 [\x1b[01;35m\x1b[K\x1b]8;;https://gcc.gnu.org/onlinedocs/gcc/Warning-Options.html#index-Wunused-parameter\x07-Wunused-parameter\x1b]8;;\x07\x1b[m\x1b[K]\n'}
[12.147702] (rplidar_ros) StderrLine: {'line': b' 1023 |   sl_result getMotorInfo(LidarMotorInfo &motorInfo, \x1b[01;35m\x1b[Ksl_u32 timeoutInMs\x1b[m\x1b[K)\n'}
[12.147858] (rplidar_ros) StderrLine: {'line': b'      |                                                     \x1b[01;35m\x1b[K~~~~~~~^~~~~~~~~~~\x1b[m\x1b[K\n'}
[12.148060] (rplidar_ros) StderrLine: {'line': b'\n'}
[12.149940] (rplidar_ros) StderrLine: {'line': b'\x1b[01m\x1b[K/home/ltr/aizee/jetson_ws/src/rplidar_ros/sdk/src/sl_lidar_driver.cpp:\x1b[m\x1b[K In member function \xe2\x80\x98\x1b[01m\x1b[Ku_result sl::SlamtecLidarDriver::getScanModeCount(sl_u16&, sl_u32)\x1b[m\x1b[K\xe2\x80\x99:\n'}
[12.150335] (rplidar_ros) StderrLine: {'line': b'\x1b[01m\x1b[K/home/ltr/aizee/jetson_ws/src/rplidar_ros/sdk/src/sl_lidar_driver.cpp:1199:61:\x1b[m\x1b[K \x1b[01;35m\x1b[Kwarning: \x1b[m\x1b[Kunused parameter \xe2\x80\x98\x1b[01m\x1b[KtimeoutInMs\x1b[m\x1b[K\xe2\x80\x99 [\x1b[01;35m\x1b[K\x1b]8;;https://gcc.gnu.org/onlinedocs/gcc/Warning-Options.html#index-Wunused-parameter\x07-Wunused-parameter\x1b]8;;\x07\x1b[m\x1b[K]\n'}
[12.150586] (rplidar_ros) StderrLine: {'line': b' 1199 |        u_result getScanModeCount(sl_u16& modeCount, \x1b[01;35m\x1b[Ksl_u32 timeoutInMs = DEFAULT_TIMEOUT\x1b[m\x1b[K)\n'}
[12.150743] (rplidar_ros) StderrLine: {'line': b'      |                                                     \x1b[01;35m\x1b[K~~~~~~~^~~~~~~~~~~~~~~~~~~~~~~~~~~~~\x1b[m\x1b[K\n'}
[12.150879] (rplidar_ros) StderrLine: {'line': b'\n'}
[12.193274] (rplidar_ros) StderrLine: {'line': b'In file included from \x1b[01m\x1b[K/home/ltr/aizee/jetson_ws/src/rplidar_ros/sdk/include/rplidar_protocol.h:36\x1b[m\x1b[K,\n'}
[12.194293] (rplidar_ros) StderrLine: {'line': b'                 from \x1b[01m\x1b[K/home/ltr/aizee/jetson_ws/src/rplidar_ros/sdk/include/rplidar.h:39\x1b[m\x1b[K,\n'}
[12.194532] (rplidar_ros) StderrLine: {'line': b'                 from \x1b[01m\x1b[K/home/ltr/aizee/jetson_ws/src/rplidar_ros/sdk/src/sdkcommon.h:49\x1b[m\x1b[K,\n'}
[12.194957] (rplidar_ros) StderrLine: {'line': b'                 from \x1b[01m\x1b[K/home/ltr/aizee/jetson_ws/src/rplidar_ros/sdk/src/dataunpacker/unpacker/../dataunnpacker_commondef.h:41\x1b[m\x1b[K,\n'}
[12.195132] (rplidar_ros) StderrLine: {'line': b'                 from \x1b[01m\x1b[K/home/ltr/aizee/jetson_ws/src/rplidar_ros/sdk/src/dataunpacker/unpacker/handler_hqnode.cpp:39\x1b[m\x1b[K:\n'}
[12.195279] (rplidar_ros) StderrLine: {'line': b'\x1b[01m\x1b[K/home/ltr/aizee/jetson_ws/src/rplidar_ros/sdk/include/sl_lidar_protocol.h:66:16:\x1b[m\x1b[K \x1b[01;35m\x1b[Kwarning: \x1b[m\x1b[KISO C++ forbids zero-size array \xe2\x80\x98\x1b[01m\x1b[Kdata\x1b[m\x1b[K\xe2\x80\x99 [\x1b[01;35m\x1b[K\x1b]8;;https://gcc.gnu.org/onlinedocs/gcc/Warning-Options.html#index-Wpedantic\x07-Wpedantic\x1b]8;;\x07\x1b[m\x1b[K]\n'}
[12.195433] (rplidar_ros) StderrLine: {'line': b'   66 |     sl_u8 data[\x1b[01;35m\x1b[K0\x1b[m\x1b[K];\n'}
[12.195562] (rplidar_ros) StderrLine: {'line': b'      |                \x1b[01;35m\x1b[K^\x1b[m\x1b[K\n'}
[12.195688] (rplidar_ros) StderrLine: {'line': b'In file included from \x1b[01m\x1b[K/home/ltr/aizee/jetson_ws/src/rplidar_ros/sdk/include/rplidar_cmd.h:36\x1b[m\x1b[K,\n'}
[12.195818] (rplidar_ros) StderrLine: {'line': b'                 from \x1b[01m\x1b[K/home/ltr/aizee/jetson_ws/src/rplidar_ros/sdk/include/rplidar.h:40\x1b[m\x1b[K,\n'}
[12.196006] (rplidar_ros) StderrLine: {'line': b'                 from \x1b[01m\x1b[K/home/ltr/aizee/jetson_ws/src/rplidar_ros/sdk/src/sdkcommon.h:49\x1b[m\x1b[K,\n'}
[12.196153] (rplidar_ros) StderrLine: {'line': b'                 from \x1b[01m\x1b[K/home/ltr/aizee/jetson_ws/src/rplidar_ros/sdk/src/dataunpacker/unpacker/../dataunnpacker_commondef.h:41\x1b[m\x1b[K,\n'}
[12.196281] (rplidar_ros) StderrLine: {'line': b'                 from \x1b[01m\x1b[K/home/ltr/aizee/jetson_ws/src/rplidar_ros/sdk/src/dataunpacker/unpacker/handler_hqnode.cpp:39\x1b[m\x1b[K:\n'}
[12.196405] (rplidar_ros) StderrLine: {'line': b'\x1b[01m\x1b[K/home/ltr/aizee/jetson_ws/src/rplidar_ros/sdk/include/sl_lidar_cmd.h:324:20:\x1b[m\x1b[K \x1b[01;35m\x1b[Kwarning: \x1b[m\x1b[KISO C++ forbids zero-size array \xe2\x80\x98\x1b[01m\x1b[Kpayload\x1b[m\x1b[K\xe2\x80\x99 [\x1b[01;35m\x1b[K\x1b]8;;https://gcc.gnu.org/onlinedocs/gcc/Warning-Options.html#index-Wpedantic\x07-Wpedantic\x1b]8;;\x07\x1b[m\x1b[K]\n'}
[12.196538] (rplidar_ros) StderrLine: {'line': b'  324 |     sl_u8  payload[\x1b[01;35m\x1b[K0\x1b[m\x1b[K];\n'}
[12.196663] (rplidar_ros) StderrLine: {'line': b'      |                    \x1b[01;35m\x1b[K^\x1b[m\x1b[K\n'}
[12.241125] (-) TimerEvent: {}
[12.268264] (rplidar_ros) StderrLine: {'line': b'/home/ltr/aizee/jetson_ws/src/rplidar_ros/sdk/src/sl_lidar_driver.cpp: In instantiation of \xe2\x80\x98\x1b[01m\x1b[Kvoid sl::RawSampleNodeHolder<T>::pushNode(_u64, const T*) [with T = sl_lidar_response_measurement_node_hq_t; _u64 = long unsigned int]\x1b[m\x1b[K\xe2\x80\x99:\n'}
[12.269228] (rplidar_ros) StderrLine: {'line': b'\x1b[01m\x1b[K/home/ltr/aizee/jetson_ws/src/rplidar_ros/sdk/src/sl_lidar_driver.cpp:1648:42:\x1b[m\x1b[K   required from here\n'}
[12.269452] (rplidar_ros) StderrLine: {'line': b'\x1b[01m\x1b[K/home/ltr/aizee/jetson_ws/src/rplidar_ros/sdk/src/sl_lidar_driver.cpp:202:28:\x1b[m\x1b[K \x1b[01;35m\x1b[Kwarning: \x1b[m\x1b[Kunused parameter \xe2\x80\x98\x1b[01m\x1b[Ktimestamp_uS\x1b[m\x1b[K\xe2\x80\x99 [\x1b[01;35m\x1b[K\x1b]8;;https://gcc.gnu.org/onlinedocs/gcc/Warning-Options.html#index-Wunused-parameter\x07-Wunused-parameter\x1b]8;;\x07\x1b[m\x1b[K]\n'}
[12.269621] (rplidar_ros) StderrLine: {'line': b'  202 |         void pushNode(\x1b[01;35m\x1b[K_u64 timestamp_uS\x1b[m\x1b[K, const T* node)\n'}
[12.269762] (rplidar_ros) StderrLine: {'line': b'      |                       \x1b[01;35m\x1b[K~~~~~^~~~~~~~~~~~\x1b[m\x1b[K\n'}
[12.341447] (-) TimerEvent: {}
[12.413491] (rplidar_ros) StderrLine: {'line': b'In file included from \x1b[01m\x1b[K/home/ltr/aizee/jetson_ws/src/rplidar_ros/sdk/include/rplidar_protocol.h:36\x1b[m\x1b[K,\n'}
[12.414558] (rplidar_ros) StderrLine: {'line': b'                 from \x1b[01m\x1b[K/home/ltr/aizee/jetson_ws/src/rplidar_ros/sdk/include/rplidar.h:39\x1b[m\x1b[K,\n'}
[12.414946] (rplidar_ros) StderrLine: {'line': b'                 from \x1b[01m\x1b[K/home/ltr/aizee/jetson_ws/src/rplidar_ros/sdk/src/sdkcommon.h:49\x1b[m\x1b[K,\n'}
[12.415239] (rplidar_ros) StderrLine: {'line': b'                 from \x1b[01m\x1b[K/home/ltr/aizee/jetson_ws/src/rplidar_ros/sdk/src/sl_lidarprotocol_codec.cpp:35\x1b[m\x1b[K:\n'}
[12.415570] (rplidar_ros) StderrLine: {'line': b'\x1b[01m\x1b[K/home/ltr/aizee/jetson_ws/src/rplidar_ros/sdk/include/sl_lidar_protocol.h:66:16:\x1b[m\x1b[K \x1b[01;35m\x1b[Kwarning: \x1b[m\x1b[KISO C++ forbids zero-size array \xe2\x80\x98\x1b[01m\x1b[Kdata\x1b[m\x1b[K\xe2\x80\x99 [\x1b[01;35m\x1b[K\x1b]8;;https://gcc.gnu.org/onlinedocs/gcc/Warning-Options.html#index-Wpedantic\x07-Wpedantic\x1b]8;;\x07\x1b[m\x1b[K]\n'}
[12.415921] (rplidar_ros) StderrLine: {'line': b'   66 |     sl_u8 data[\x1b[01;35m\x1b[K0\x1b[m\x1b[K];\n'}
[12.416182] (rplidar_ros) StderrLine: {'line': b'      |                \x1b[01;35m\x1b[K^\x1b[m\x1b[K\n'}
[12.418078] (rplidar_ros) StderrLine: {'line': b'In file included from \x1b[01m\x1b[K/home/ltr/aizee/jetson_ws/src/rplidar_ros/sdk/include/rplidar_cmd.h:36\x1b[m\x1b[K,\n'}
[12.418699] (rplidar_ros) StderrLine: {'line': b'                 from \x1b[01m\x1b[K/home/ltr/aizee/jetson_ws/src/rplidar_ros/sdk/include/rplidar.h:40\x1b[m\x1b[K,\n'}
[12.419060] (rplidar_ros) StderrLine: {'line': b'                 from \x1b[01m\x1b[K/home/ltr/aizee/jetson_ws/src/rplidar_ros/sdk/src/sdkcommon.h:49\x1b[m\x1b[K,\n'}
[12.419355] (rplidar_ros) StderrLine: {'line': b'                 from \x1b[01m\x1b[K/home/ltr/aizee/jetson_ws/src/rplidar_ros/sdk/src/sl_lidarprotocol_codec.cpp:35\x1b[m\x1b[K:\n'}
[12.419683] (rplidar_ros) StderrLine: {'line': b'\x1b[01m\x1b[K/home/ltr/aizee/jetson_ws/src/rplidar_ros/sdk/include/sl_lidar_cmd.h:324:20:\x1b[m\x1b[K \x1b[01;35m\x1b[Kwarning: \x1b[m\x1b[KISO C++ forbids zero-size array \xe2\x80\x98\x1b[01m\x1b[Kpayload\x1b[m\x1b[K\xe2\x80\x99 [\x1b[01;35m\x1b[K\x1b]8;;https://gcc.gnu.org/onlinedocs/gcc/Warning-Options.html#index-Wpedantic\x07-Wpedantic\x1b]8;;\x07\x1b[m\x1b[K]\n'}
[12.419985] (rplidar_ros) StderrLine: {'line': b'  324 |     sl_u8  payload[\x1b[01;35m\x1b[K0\x1b[m\x1b[K];\n'}
[12.420249] (rplidar_ros) StderrLine: {'line': b'      |                    \x1b[01;35m\x1b[K^\x1b[m\x1b[K\n'}
[12.441744] (-) TimerEvent: {}
[12.543098] (-) TimerEvent: {}
[12.621731] (rplidar_ros) StderrLine: {'line': b'\x1b[01m\x1b[K/home/ltr/aizee/jetson_ws/src/rplidar_ros/sdk/src/sl_lidar_driver.cpp:\x1b[m\x1b[K At global scope:\n'}
[12.622609] (rplidar_ros) StderrLine: {'line': b'\x1b[01m\x1b[K/home/ltr/aizee/jetson_ws/src/rplidar_ros/sdk/src/sl_lidar_driver.cpp:83:17:\x1b[m\x1b[K \x1b[01;35m\x1b[Kwarning: \x1b[m\x1b[K\xe2\x80\x98\x1b[01m\x1b[Kvoid sl::convert(const sl_lidar_response_measurement_node_hq_t&, sl_lidar_response_measurement_node_t&)\x1b[m\x1b[K\xe2\x80\x99 defined but not used [\x1b[01;35m\x1b[K\x1b]8;;https://gcc.gnu.org/onlinedocs/gcc/Warning-Options.html#index-Wunused-function\x07-Wunused-function\x1b]8;;\x07\x1b[m\x1b[K]\n'}
[12.622834] (rplidar_ros) StderrLine: {'line': b'   83 |     static void \x1b[01;35m\x1b[Kconvert\x1b[m\x1b[K(const sl_lidar_response_measurement_node_hq_t& from, sl_lidar_response_measurement_node_t& to)\n'}
[12.623057] (rplidar_ros) StderrLine: {'line': b'      |                 \x1b[01;35m\x1b[K^~~~~~~\x1b[m\x1b[K\n'}
[12.623211] (rplidar_ros) StderrLine: {'line': b'\x1b[01m\x1b[K/home/ltr/aizee/jetson_ws/src/rplidar_ros/sdk/src/sl_lidar_driver.cpp:75:17:\x1b[m\x1b[K \x1b[01;35m\x1b[Kwarning: \x1b[m\x1b[K\xe2\x80\x98\x1b[01m\x1b[Kvoid sl::convert(const sl_lidar_response_measurement_node_t&, sl_lidar_response_measurement_node_hq_t&)\x1b[m\x1b[K\xe2\x80\x99 defined but not used [\x1b[01;35m\x1b[K\x1b]8;;https://gcc.gnu.org/onlinedocs/gcc/Warning-Options.html#index-Wunused-function\x07-Wunused-function\x1b]8;;\x07\x1b[m\x1b[K]\n'}
[12.623359] (rplidar_ros) StderrLine: {'line': b'   75 |     static void \x1b[01;35m\x1b[Kconvert\x1b[m\x1b[K(const sl_lidar_response_measurement_node_t& from, sl_lidar_response_measurement_node_hq_t& to)\n'}
[12.623493] (rplidar_ros) StderrLine: {'line': b'      |                 \x1b[01;35m\x1b[K^~~~~~~\x1b[m\x1b[K\n'}
[12.623624] (rplidar_ros) StderrLine: {'line': b'\x1b[01m\x1b[K/home/ltr/aizee/jetson_ws/src/rplidar_ros/sdk/src/sl_lidar_driver.cpp:70:17:\x1b[m\x1b[K \x1b[01;35m\x1b[Kwarning: \x1b[m\x1b[K\xe2\x80\x98\x1b[01m\x1b[Kvoid sl::printDeprecationWarn(const char*, const char*)\x1b[m\x1b[K\xe2\x80\x99 defined but not used [\x1b[01;35m\x1b[K\x1b]8;;https://gcc.gnu.org/onlinedocs/gcc/Warning-Options.html#index-Wunused-function\x07-Wunused-function\x1b]8;;\x07\x1b[m\x1b[K]\n'}
[12.623766] (rplidar_ros) StderrLine: {'line': b'   70 |     static void \x1b[01;35m\x1b[KprintDeprecationWarn\x1b[m\x1b[K(const char* fn, const char* replacement)\n'}
[12.623897] (rplidar_ros) StderrLine: {'line': b'      |                 \x1b[01;35m\x1b[K^~~~~~~~~~~~~~~~~~~~\x1b[m\x1b[K\n'}
[12.643430] (-) TimerEvent: {}
[12.708178] (rplidar_ros) StderrLine: {'line': b'In file included from \x1b[01m\x1b[K/home/ltr/aizee/jetson_ws/src/rplidar_ros/sdk/src/dataunpacker/unpacker/handler_hqnode.cpp:40\x1b[m\x1b[K:\n'}
[12.709080] (rplidar_ros) StderrLine: {'line': b'\x1b[01m\x1b[K/home/ltr/aizee/jetson_ws/src/rplidar_ros/sdk/src/dataunpacker/unpacker/../dataunpacker.h:\x1b[m\x1b[K In member function \xe2\x80\x98\x1b[01m\x1b[Kvirtual void sl::internal::LIDARSampleDataListener::onCustomSampleDataDecoded(_u8, _u32, const void*, size_t)\x1b[m\x1b[K\xe2\x80\x99:\n'}
[12.709324] (rplidar_ros) StderrLine: {'line': b'\x1b[01m\x1b[K/home/ltr/aizee/jetson_ws/src/rplidar_ros/sdk/src/dataunpacker/unpacker/../dataunpacker.h:54:52:\x1b[m\x1b[K \x1b[01;35m\x1b[Kwarning: \x1b[m\x1b[Kunused parameter \xe2\x80\x98\x1b[01m\x1b[KansType\x1b[m\x1b[K\xe2\x80\x99 [\x1b[01;35m\x1b[K\x1b]8;;https://gcc.gnu.org/onlinedocs/gcc/Warning-Options.html#index-Wunused-parameter\x07-Wunused-parameter\x1b]8;;\x07\x1b[m\x1b[K]\n'}
[12.709508] (rplidar_ros) StderrLine: {'line': b'   54 |         virtual void onCustomSampleDataDecoded(\x1b[01;35m\x1b[K_u8 ansType\x1b[m\x1b[K, _u32 customCode, const void* data, size_t size) {}\n'}
[12.709664] (rplidar_ros) StderrLine: {'line': b'      |                                                \x1b[01;35m\x1b[K~~~~^~~~~~~\x1b[m\x1b[K\n'}
[12.709808] (rplidar_ros) StderrLine: {'line': b'\x1b[01m\x1b[K/home/ltr/aizee/jetson_ws/src/rplidar_ros/sdk/src/dataunpacker/unpacker/../dataunpacker.h:54:66:\x1b[m\x1b[K \x1b[01;35m\x1b[Kwarning: \x1b[m\x1b[Kunused parameter \xe2\x80\x98\x1b[01m\x1b[KcustomCode\x1b[m\x1b[K\xe2\x80\x99 [\x1b[01;35m\x1b[K\x1b]8;;https://gcc.gnu.org/onlinedocs/gcc/Warning-Options.html#index-Wunused-parameter\x07-Wunused-parameter\x1b]8;;\x07\x1b[m\x1b[K]\n'}
[12.709959] (rplidar_ros) StderrLine: {'line': b'   54 |   virtual void onCustomSampleDataDecoded(_u8 ansType, \x1b[01;35m\x1b[K_u32 customCode\x1b[m\x1b[K, const void* data, size_t size) {}\n'}
[12.710138] (rplidar_ros) StderrLine: {'line': b'      |                                                       \x1b[01;35m\x1b[K~~~~~^~~~~~~~~~\x1b[m\x1b[K\n'}
[12.710274] (rplidar_ros) StderrLine: {'line': b'\n'}
[12.710403] (rplidar_ros) StderrLine: {'line': b'\x1b[01m\x1b[K/home/ltr/aizee/jetson_ws/src/rplidar_ros/sdk/src/dataunpacker/unpacker/../dataunpacker.h:54:90:\x1b[m\x1b[K \x1b[01;35m\x1b[Kwarning: \x1b[m\x1b[Kunused parameter \xe2\x80\x98\x1b[01m\x1b[Kdata\x1b[m\x1b[K\xe2\x80\x99 [\x1b[01;35m\x1b[K\x1b]8;;https://gcc.gnu.org/onlinedocs/gcc/Warning-Options.html#index-Wunused-parameter\x07-Wunused-parameter\x1b]8;;\x07\x1b[m\x1b[K]\n'}
[12.710567] (rplidar_ros) StderrLine: {'line': b'   54 | ampleDataDecoded(_u8 ansType, _u32 customCode, \x1b[01;35m\x1b[Kconst void* data\x1b[m\x1b[K, size_t size) {}\n'}
[12.710702] (rplidar_ros) StderrLine: {'line': b'      |                                                \x1b[01;35m\x1b[K~~~~~~~~~~~~^~~~\x1b[m\x1b[K\n'}
[12.710827] (rplidar_ros) StderrLine: {'line': b'\n'}
[12.710949] (rplidar_ros) StderrLine: {'line': b'\x1b[01m\x1b[K/home/ltr/aizee/jetson_ws/src/rplidar_ros/sdk/src/dataunpacker/unpacker/../dataunpacker.h:54:103:\x1b[m\x1b[K \x1b[01;35m\x1b[Kwarning: \x1b[m\x1b[Kunused parameter \xe2\x80\x98\x1b[01m\x1b[Ksize\x1b[m\x1b[K\xe2\x80\x99 [\x1b[01;35m\x1b[K\x1b]8;;https://gcc.gnu.org/onlinedocs/gcc/Warning-Options.html#index-Wunused-parameter\x07-Wunused-parameter\x1b]8;;\x07\x1b[m\x1b[K]\n'}
[12.711084] (rplidar_ros) StderrLine: {'line': b'   54 | ecoded(_u8 ansType, _u32 customCode, const void* data, \x1b[01;35m\x1b[Ksize_t size\x1b[m\x1b[K) {}\n'}
[12.711210] (rplidar_ros) StderrLine: {'line': b'      |                                                        \x1b[01;35m\x1b[K~~~~~~~^~~~\x1b[m\x1b[K\n'}
[12.711333] (rplidar_ros) StderrLine: {'line': b'\n'}
[12.711451] (rplidar_ros) StderrLine: {'line': b'\x1b[01m\x1b[K/home/ltr/aizee/jetson_ws/src/rplidar_ros/sdk/src/dataunpacker/unpacker/../dataunpacker.h:\x1b[m\x1b[K In member function \xe2\x80\x98\x1b[01m\x1b[Kvirtual void sl::internal::LIDARSampleDataListener::onDecodingError(int, _u8, const void*, size_t)\x1b[m\x1b[K\xe2\x80\x99:\n'}
[12.711586] (rplidar_ros) StderrLine: {'line': b'\x1b[01m\x1b[K/home/ltr/aizee/jetson_ws/src/rplidar_ros/sdk/src/dataunpacker/unpacker/../dataunpacker.h:56:42:\x1b[m\x1b[K \x1b[01;35m\x1b[Kwarning: \x1b[m\x1b[Kunused parameter \xe2\x80\x98\x1b[01m\x1b[KerrMsg\x1b[m\x1b[K\xe2\x80\x99 [\x1b[01;35m\x1b[K\x1b]8;;https://gcc.gnu.org/onlinedocs/gcc/Warning-Options.html#index-Wunused-parameter\x07-Wunused-parameter\x1b]8;;\x07\x1b[m\x1b[K]\n'}
[12.711771] (rplidar_ros) StderrLine: {'line': b'   56 |         virtual void onDecodingError(\x1b[01;35m\x1b[Kint errMsg\x1b[m\x1b[K, _u8 ansType, const void* payload, size_t size) {}\n'}
[12.711906] (rplidar_ros) StderrLine: {'line': b'      |                                      \x1b[01;35m\x1b[K~~~~^~~~~~\x1b[m\x1b[K\n'}
[12.712033] (rplidar_ros) StderrLine: {'line': b'\x1b[01m\x1b[K/home/ltr/aizee/jetson_ws/src/rplidar_ros/sdk/src/dataunpacker/unpacker/../dataunpacker.h:56:54:\x1b[m\x1b[K \x1b[01;35m\x1b[Kwarning: \x1b[m\x1b[Kunused parameter \xe2\x80\x98\x1b[01m\x1b[KansType\x1b[m\x1b[K\xe2\x80\x99 [\x1b[01;35m\x1b[K\x1b]8;;https://gcc.gnu.org/onlinedocs/gcc/Warning-Options.html#index-Wunused-parameter\x07-Wunused-parameter\x1b]8;;\x07\x1b[m\x1b[K]\n'}
[12.712164] (rplidar_ros) StderrLine: {'line': b'   56 |         virtual void onDecodingError(int errMsg, \x1b[01;35m\x1b[K_u8 ansType\x1b[m\x1b[K, const void* payload, size_t size) {}\n'}
[12.712288] (rplidar_ros) StderrLine: {'line': b'      |                                                  \x1b[01;35m\x1b[K~~~~^~~~~~~\x1b[m\x1b[K\n'}
[12.712415] (rplidar_ros) StderrLine: {'line': b'\x1b[01m\x1b[K/home/ltr/aizee/jetson_ws/src/rplidar_ros/sdk/src/dataunpacker/unpacker/../dataunpacker.h:56:75:\x1b[m\x1b[K \x1b[01;35m\x1b[Kwarning: \x1b[m\x1b[Kunused parameter \xe2\x80\x98\x1b[01m\x1b[Kpayload\x1b[m\x1b[K\xe2\x80\x99 [\x1b[01;35m\x1b[K\x1b]8;;https://gcc.gnu.org/onlinedocs/gcc/Warning-Options.html#index-Wunused-parameter\x07-Wunused-parameter\x1b]8;;\x07\x1b[m\x1b[K]\n'}
[12.712551] (rplidar_ros) StderrLine: {'line': b'   56 |  void onDecodingError(int errMsg, _u8 ansType, \x1b[01;35m\x1b[Kconst void* payload\x1b[m\x1b[K, size_t size) {}\n'}
[12.712682] (rplidar_ros) StderrLine: {'line': b'      |                                                \x1b[01;35m\x1b[K~~~~~~~~~~~~^~~~~~~\x1b[m\x1b[K\n'}
[12.712808] (rplidar_ros) StderrLine: {'line': b'\n'}
[12.713046] (rplidar_ros) StderrLine: {'line': b'\x1b[01m\x1b[K/home/ltr/aizee/jetson_ws/src/rplidar_ros/sdk/src/dataunpacker/unpacker/../dataunpacker.h:56:91:\x1b[m\x1b[K \x1b[01;35m\x1b[Kwarning: \x1b[m\x1b[Kunused parameter \xe2\x80\x98\x1b[01m\x1b[Ksize\x1b[m\x1b[K\xe2\x80\x99 [\x1b[01;35m\x1b[K\x1b]8;;https://gcc.gnu.org/onlinedocs/gcc/Warning-Options.html#index-Wunused-parameter\x07-Wunused-parameter\x1b]8;;\x07\x1b[m\x1b[K]\n'}
[12.713189] (rplidar_ros) StderrLine: {'line': b'   56 | ingError(int errMsg, _u8 ansType, const void* payload, \x1b[01;35m\x1b[Ksize_t size\x1b[m\x1b[K) {}\n'}
[12.713314] (rplidar_ros) StderrLine: {'line': b'      |                                                        \x1b[01;35m\x1b[K~~~~~~~^~~~\x1b[m\x1b[K\n'}
[12.713439] (rplidar_ros) StderrLine: {'line': b'\n'}
[12.743796] (-) TimerEvent: {}
[12.845047] (-) TimerEvent: {}
[12.946189] (-) TimerEvent: {}
[12.973822] (rplidar_ros) StderrLine: {'line': b'In file included from \x1b[01m\x1b[K/home/ltr/aizee/jetson_ws/src/rplidar_ros/sdk/src/sl_lidarprotocol_codec.cpp:49\x1b[m\x1b[K:\n'}
[12.974881] (rplidar_ros) StderrLine: {'line': b'\x1b[01m\x1b[K/home/ltr/aizee/jetson_ws/src/rplidar_ros/sdk/src/sl_async_transceiver.h:\x1b[m\x1b[K In member function \xe2\x80\x98\x1b[01m\x1b[Kvirtual void sl::internal::IAsyncProtocolCodec::onChannelError(u_result)\x1b[m\x1b[K\xe2\x80\x99:\n'}
[12.975343] (rplidar_ros) StderrLine: {'line': b'\x1b[01m\x1b[K/home/ltr/aizee/jetson_ws/src/rplidar_ros/sdk/src/sl_async_transceiver.h:90:48:\x1b[m\x1b[K \x1b[01;35m\x1b[Kwarning: \x1b[m\x1b[Kunused parameter \xe2\x80\x98\x1b[01m\x1b[KerrCode\x1b[m\x1b[K\xe2\x80\x99 [\x1b[01;35m\x1b[K\x1b]8;;https://gcc.gnu.org/onlinedocs/gcc/Warning-Options.html#index-Wunused-parameter\x07-Wunused-parameter\x1b]8;;\x07\x1b[m\x1b[K]\n'}
[12.975676] (rplidar_ros) StderrLine: {'line': b'   90 |         virtual void   onChannelError(\x1b[01;35m\x1b[Ku_result errCode\x1b[m\x1b[K) {}\n'}
[12.976057] (rplidar_ros) StderrLine: {'line': b'      |                                       \x1b[01;35m\x1b[K~~~~~~~~~^~~~~~~\x1b[m\x1b[K\n'}
[13.046476] (-) TimerEvent: {}
[13.081568] (rplidar_ros) StdoutLine: {'line': b'[ 60%] \x1b[32mBuilding CXX object CMakeFiles/rplidar_composition.dir/sdk/src/dataunpacker/unpacker/handler_normalnode.cpp.o\x1b[0m\n'}
[13.146812] (-) TimerEvent: {}
[13.249420] (-) TimerEvent: {}
[13.299239] (rplidar_ros) StdoutLine: {'line': b'[ 63%] \x1b[32mBuilding CXX object CMakeFiles/rplidar_node.dir/sdk/src/sl_serial_channel.cpp.o\x1b[0m\n'}
[13.349711] (-) TimerEvent: {}
[13.452100] (-) TimerEvent: {}
[13.553313] (-) TimerEvent: {}
[13.654499] (-) TimerEvent: {}
[13.655470] (rplidar_ros) StdoutLine: {'line': b'[ 65%] \x1b[32mBuilding CXX object CMakeFiles/rplidar_node.dir/sdk/src/sl_tcp_channel.cpp.o\x1b[0m\n'}
[13.754809] (-) TimerEvent: {}
[13.856000] (-) TimerEvent: {}
[13.957186] (-) TimerEvent: {}
[13.969688] (rplidar_ros) StderrLine: {'line': b'In file included from \x1b[01m\x1b[K/home/ltr/aizee/jetson_ws/src/rplidar_ros/sdk/include/sl_lidar_cmd.h:41\x1b[m\x1b[K,\n'}
[13.970703] (rplidar_ros) StderrLine: {'line': b'                 from \x1b[01m\x1b[K/home/ltr/aizee/jetson_ws/src/rplidar_ros/sdk/include/sl_lidar_driver.h:54\x1b[m\x1b[K,\n'}
[13.971041] (rplidar_ros) StderrLine: {'line': b'                 from \x1b[01m\x1b[K/home/ltr/aizee/jetson_ws/src/rplidar_ros/sdk/src/sl_serial_channel.cpp:33\x1b[m\x1b[K:\n'}
[13.971370] (rplidar_ros) StderrLine: {'line': b'\x1b[01m\x1b[K/home/ltr/aizee/jetson_ws/src/rplidar_ros/sdk/include/sl_lidar_protocol.h:66:16:\x1b[m\x1b[K \x1b[01;35m\x1b[Kwarning: \x1b[m\x1b[KISO C++ forbids zero-size array \xe2\x80\x98\x1b[01m\x1b[Kdata\x1b[m\x1b[K\xe2\x80\x99 [\x1b[01;35m\x1b[K\x1b]8;;https://gcc.gnu.org/onlinedocs/gcc/Warning-Options.html#index-Wpedantic\x07-Wpedantic\x1b]8;;\x07\x1b[m\x1b[K]\n'}
[13.971665] (rplidar_ros) StderrLine: {'line': b'   66 |     sl_u8 data[\x1b[01;35m\x1b[K0\x1b[m\x1b[K];\n'}
[13.971929] (rplidar_ros) StderrLine: {'line': b'      |                \x1b[01;35m\x1b[K^\x1b[m\x1b[K\n'}
[13.974039] (rplidar_ros) StderrLine: {'line': b'In file included from \x1b[01m\x1b[K/home/ltr/aizee/jetson_ws/src/rplidar_ros/sdk/include/sl_lidar_driver.h:54\x1b[m\x1b[K,\n'}
[13.974589] (rplidar_ros) StderrLine: {'line': b'                 from \x1b[01m\x1b[K/home/ltr/aizee/jetson_ws/src/rplidar_ros/sdk/src/sl_serial_channel.cpp:33\x1b[m\x1b[K:\n'}
[13.974923] (rplidar_ros) StderrLine: {'line': b'\x1b[01m\x1b[K/home/ltr/aizee/jetson_ws/src/rplidar_ros/sdk/include/sl_lidar_cmd.h:324:20:\x1b[m\x1b[K \x1b[01;35m\x1b[Kwarning: \x1b[m\x1b[KISO C++ forbids zero-size array \xe2\x80\x98\x1b[01m\x1b[Kpayload\x1b[m\x1b[K\xe2\x80\x99 [\x1b[01;35m\x1b[K\x1b]8;;https://gcc.gnu.org/onlinedocs/gcc/Warning-Options.html#index-Wpedantic\x07-Wpedantic\x1b]8;;\x07\x1b[m\x1b[K]\n'}
[13.975220] (rplidar_ros) StderrLine: {'line': b'  324 |     sl_u8  payload[\x1b[01;35m\x1b[K0\x1b[m\x1b[K];\n'}
[13.975490] (rplidar_ros) StderrLine: {'line': b'      |                    \x1b[01;35m\x1b[K^\x1b[m\x1b[K\n'}
[14.057452] (-) TimerEvent: {}
[14.102182] (rplidar_ros) StderrLine: {'line': b'In file included from \x1b[01m\x1b[K/home/ltr/aizee/jetson_ws/src/rplidar_ros/sdk/include/rplidar_protocol.h:36\x1b[m\x1b[K,\n'}
[14.103258] (rplidar_ros) StderrLine: {'line': b'                 from \x1b[01m\x1b[K/home/ltr/aizee/jetson_ws/src/rplidar_ros/sdk/include/rplidar.h:39\x1b[m\x1b[K,\n'}
[14.103464] (rplidar_ros) StderrLine: {'line': b'                 from \x1b[01m\x1b[K/home/ltr/aizee/jetson_ws/src/rplidar_ros/sdk/src/sdkcommon.h:49\x1b[m\x1b[K,\n'}
[14.103619] (rplidar_ros) StderrLine: {'line': b'                 from \x1b[01m\x1b[K/home/ltr/aizee/jetson_ws/src/rplidar_ros/sdk/src/dataunpacker/unpacker/../dataunnpacker_commondef.h:41\x1b[m\x1b[K,\n'}
[14.103809] (rplidar_ros) StderrLine: {'line': b'                 from \x1b[01m\x1b[K/home/ltr/aizee/jetson_ws/src/rplidar_ros/sdk/src/dataunpacker/unpacker/handler_normalnode.cpp:39\x1b[m\x1b[K:\n'}
[14.104251] (rplidar_ros) StderrLine: {'line': b'\x1b[01m\x1b[K/home/ltr/aizee/jetson_ws/src/rplidar_ros/sdk/include/sl_lidar_protocol.h:66:16:\x1b[m\x1b[K \x1b[01;35m\x1b[Kwarning: \x1b[m\x1b[KISO C++ forbids zero-size array \xe2\x80\x98\x1b[01m\x1b[Kdata\x1b[m\x1b[K\xe2\x80\x99 [\x1b[01;35m\x1b[K\x1b]8;;https://gcc.gnu.org/onlinedocs/gcc/Warning-Options.html#index-Wpedantic\x07-Wpedantic\x1b]8;;\x07\x1b[m\x1b[K]\n'}
[14.104428] (rplidar_ros) StderrLine: {'line': b'   66 |     sl_u8 data[\x1b[01;35m\x1b[K0\x1b[m\x1b[K];\n'}
[14.104570] (rplidar_ros) StderrLine: {'line': b'      |                \x1b[01;35m\x1b[K^\x1b[m\x1b[K\n'}
[14.104700] (rplidar_ros) StderrLine: {'line': b'In file included from \x1b[01m\x1b[K/home/ltr/aizee/jetson_ws/src/rplidar_ros/sdk/include/rplidar_cmd.h:36\x1b[m\x1b[K,\n'}
[14.104921] (rplidar_ros) StderrLine: {'line': b'                 from \x1b[01m\x1b[K/home/ltr/aizee/jetson_ws/src/rplidar_ros/sdk/include/rplidar.h:40\x1b[m\x1b[K,\n'}
[14.105081] (rplidar_ros) StderrLine: {'line': b'                 from \x1b[01m\x1b[K/home/ltr/aizee/jetson_ws/src/rplidar_ros/sdk/src/sdkcommon.h:49\x1b[m\x1b[K,\n'}
[14.105215] (rplidar_ros) StderrLine: {'line': b'                 from \x1b[01m\x1b[K/home/ltr/aizee/jetson_ws/src/rplidar_ros/sdk/src/dataunpacker/unpacker/../dataunnpacker_commondef.h:41\x1b[m\x1b[K,\n'}
[14.105344] (rplidar_ros) StderrLine: {'line': b'                 from \x1b[01m\x1b[K/home/ltr/aizee/jetson_ws/src/rplidar_ros/sdk/src/dataunpacker/unpacker/handler_normalnode.cpp:39\x1b[m\x1b[K:\n'}
[14.105471] (rplidar_ros) StderrLine: {'line': b'\x1b[01m\x1b[K/home/ltr/aizee/jetson_ws/src/rplidar_ros/sdk/include/sl_lidar_cmd.h:324:20:\x1b[m\x1b[K \x1b[01;35m\x1b[Kwarning: \x1b[m\x1b[KISO C++ forbids zero-size array \xe2\x80\x98\x1b[01m\x1b[Kpayload\x1b[m\x1b[K\xe2\x80\x99 [\x1b[01;35m\x1b[K\x1b]8;;https://gcc.gnu.org/onlinedocs/gcc/Warning-Options.html#index-Wpedantic\x07-Wpedantic\x1b]8;;\x07\x1b[m\x1b[K]\n'}
[14.105609] (rplidar_ros) StderrLine: {'line': b'  324 |     sl_u8  payload[\x1b[01;35m\x1b[K0\x1b[m\x1b[K];\n'}
[14.105737] (rplidar_ros) StderrLine: {'line': b'      |                    \x1b[01;35m\x1b[K^\x1b[m\x1b[K\n'}
[14.154334] (rplidar_ros) StdoutLine: {'line': b'[ 68%] \x1b[32mBuilding CXX object CMakeFiles/rplidar_node.dir/sdk/src/sl_udp_channel.cpp.o\x1b[0m\n'}
[14.157620] (-) TimerEvent: {}
[14.258691] (-) TimerEvent: {}
[14.344882] (rplidar_ros) StderrLine: {'line': b'In file included from \x1b[01m\x1b[K/home/ltr/aizee/jetson_ws/src/rplidar_ros/sdk/include/sl_lidar_cmd.h:41\x1b[m\x1b[K,\n'}
[14.345857] (rplidar_ros) StderrLine: {'line': b'                 from \x1b[01m\x1b[K/home/ltr/aizee/jetson_ws/src/rplidar_ros/sdk/include/sl_lidar_driver.h:54\x1b[m\x1b[K,\n'}
[14.346189] (rplidar_ros) StderrLine: {'line': b'                 from \x1b[01m\x1b[K/home/ltr/aizee/jetson_ws/src/rplidar_ros/sdk/src/sl_tcp_channel.cpp:33\x1b[m\x1b[K:\n'}
[14.346511] (rplidar_ros) StderrLine: {'line': b'\x1b[01m\x1b[K/home/ltr/aizee/jetson_ws/src/rplidar_ros/sdk/include/sl_lidar_protocol.h:66:16:\x1b[m\x1b[K \x1b[01;35m\x1b[Kwarning: \x1b[m\x1b[KISO C++ forbids zero-size array \xe2\x80\x98\x1b[01m\x1b[Kdata\x1b[m\x1b[K\xe2\x80\x99 [\x1b[01;35m\x1b[K\x1b]8;;https://gcc.gnu.org/onlinedocs/gcc/Warning-Options.html#index-Wpedantic\x07-Wpedantic\x1b]8;;\x07\x1b[m\x1b[K]\n'}
[14.346809] (rplidar_ros) StderrLine: {'line': b'   66 |     sl_u8 data[\x1b[01;35m\x1b[K0\x1b[m\x1b[K];\n'}
[14.347128] (rplidar_ros) StderrLine: {'line': b'      |                \x1b[01;35m\x1b[K^\x1b[m\x1b[K\n'}
[14.349071] (rplidar_ros) StderrLine: {'line': b'In file included from \x1b[01m\x1b[K/home/ltr/aizee/jetson_ws/src/rplidar_ros/sdk/include/sl_lidar_driver.h:54\x1b[m\x1b[K,\n'}
[14.349588] (rplidar_ros) StderrLine: {'line': b'                 from \x1b[01m\x1b[K/home/ltr/aizee/jetson_ws/src/rplidar_ros/sdk/src/sl_tcp_channel.cpp:33\x1b[m\x1b[K:\n'}
[14.349918] (rplidar_ros) StderrLine: {'line': b'\x1b[01m\x1b[K/home/ltr/aizee/jetson_ws/src/rplidar_ros/sdk/include/sl_lidar_cmd.h:324:20:\x1b[m\x1b[K \x1b[01;35m\x1b[Kwarning: \x1b[m\x1b[KISO C++ forbids zero-size array \xe2\x80\x98\x1b[01m\x1b[Kpayload\x1b[m\x1b[K\xe2\x80\x99 [\x1b[01;35m\x1b[K\x1b]8;;https://gcc.gnu.org/onlinedocs/gcc/Warning-Options.html#index-Wpedantic\x07-Wpedantic\x1b]8;;\x07\x1b[m\x1b[K]\n'}
[14.350265] (rplidar_ros) StderrLine: {'line': b'  324 |     sl_u8  payload[\x1b[01;35m\x1b[K0\x1b[m\x1b[K];\n'}
[14.350531] (rplidar_ros) StderrLine: {'line': b'      |                    \x1b[01;35m\x1b[K^\x1b[m\x1b[K\n'}
[14.358991] (-) TimerEvent: {}
[14.367005] (rplidar_ros) StderrLine: {'line': b'\x1b[01m\x1b[K/home/ltr/aizee/jetson_ws/src/rplidar_ros/sdk/src/sl_tcp_channel.cpp:\x1b[m\x1b[K In member function \xe2\x80\x98\x1b[01m\x1b[Kvoid sl::TcpChannel::setStatus(_u32)\x1b[m\x1b[K\xe2\x80\x99:\n'}
[14.368002] (rplidar_ros) StderrLine: {'line': b'\x1b[01m\x1b[K/home/ltr/aizee/jetson_ws/src/rplidar_ros/sdk/src/sl_tcp_channel.cpp:109:29:\x1b[m\x1b[K \x1b[01;35m\x1b[Kwarning: \x1b[m\x1b[Kunused parameter \xe2\x80\x98\x1b[01m\x1b[Kflag\x1b[m\x1b[K\xe2\x80\x99 [\x1b[01;35m\x1b[K\x1b]8;;https://gcc.gnu.org/onlinedocs/gcc/Warning-Options.html#index-Wunused-parameter\x07-Wunused-parameter\x1b]8;;\x07\x1b[m\x1b[K]\n'}
[14.368380] (rplidar_ros) StderrLine: {'line': b'  109 |         void setStatus(\x1b[01;35m\x1b[K_u32 flag\x1b[m\x1b[K){}\n'}
[14.368672] (rplidar_ros) StderrLine: {'line': b'      |                        \x1b[01;35m\x1b[K~~~~~^~~~\x1b[m\x1b[K\n'}
[14.459339] (-) TimerEvent: {}
[14.537990] (rplidar_ros) StdoutLine: {'line': b'[ 71%] \x1b[32mBuilding CXX object CMakeFiles/rplidar_composition.dir/sdk/src/hal/thread.cpp.o\x1b[0m\n'}
[14.559668] (-) TimerEvent: {}
[14.582168] (rplidar_ros) StderrLine: {'line': b'In file included from \x1b[01m\x1b[K/home/ltr/aizee/jetson_ws/src/rplidar_ros/sdk/src/dataunpacker/unpacker/handler_normalnode.cpp:40\x1b[m\x1b[K:\n'}
[14.583004] (rplidar_ros) StderrLine: {'line': b'\x1b[01m\x1b[K/home/ltr/aizee/jetson_ws/src/rplidar_ros/sdk/src/dataunpacker/unpacker/../dataunpacker.h:\x1b[m\x1b[K In member function \xe2\x80\x98\x1b[01m\x1b[Kvirtual void sl::internal::LIDARSampleDataListener::onCustomSampleDataDecoded(_u8, _u32, const void*, size_t)\x1b[m\x1b[K\xe2\x80\x99:\n'}
[14.583210] (rplidar_ros) StderrLine: {'line': b'\x1b[01m\x1b[K/home/ltr/aizee/jetson_ws/src/rplidar_ros/sdk/src/dataunpacker/unpacker/../dataunpacker.h:54:52:\x1b[m\x1b[K \x1b[01;35m\x1b[Kwarning: \x1b[m\x1b[Kunused parameter \xe2\x80\x98\x1b[01m\x1b[KansType\x1b[m\x1b[K\xe2\x80\x99 [\x1b[01;35m\x1b[K\x1b]8;;https://gcc.gnu.org/onlinedocs/gcc/Warning-Options.html#index-Wunused-parameter\x07-Wunused-parameter\x1b]8;;\x07\x1b[m\x1b[K]\n'}
[14.583382] (rplidar_ros) StderrLine: {'line': b'   54 |         virtual void onCustomSampleDataDecoded(\x1b[01;35m\x1b[K_u8 ansType\x1b[m\x1b[K, _u32 customCode, const void* data, size_t size) {}\n'}
[14.583528] (rplidar_ros) StderrLine: {'line': b'      |                                                \x1b[01;35m\x1b[K~~~~^~~~~~~\x1b[m\x1b[K\n'}
[14.583667] (rplidar_ros) StderrLine: {'line': b'\x1b[01m\x1b[K/home/ltr/aizee/jetson_ws/src/rplidar_ros/sdk/src/dataunpacker/unpacker/../dataunpacker.h:54:66:\x1b[m\x1b[K \x1b[01;35m\x1b[Kwarning: \x1b[m\x1b[Kunused parameter \xe2\x80\x98\x1b[01m\x1b[KcustomCode\x1b[m\x1b[K\xe2\x80\x99 [\x1b[01;35m\x1b[K\x1b]8;;https://gcc.gnu.org/onlinedocs/gcc/Warning-Options.html#index-Wunused-parameter\x07-Wunused-parameter\x1b]8;;\x07\x1b[m\x1b[K]\n'}
[14.583814] (rplidar_ros) StderrLine: {'line': b'   54 |   virtual void onCustomSampleDataDecoded(_u8 ansType, \x1b[01;35m\x1b[K_u32 customCode\x1b[m\x1b[K, const void* data, size_t size) {}\n'}
[14.583951] (rplidar_ros) StderrLine: {'line': b'      |                                                       \x1b[01;35m\x1b[K~~~~~^~~~~~~~~~\x1b[m\x1b[K\n'}
[14.584080] (rplidar_ros) StderrLine: {'line': b'\n'}
[14.584205] (rplidar_ros) StderrLine: {'line': b'\x1b[01m\x1b[K/home/ltr/aizee/jetson_ws/src/rplidar_ros/sdk/src/dataunpacker/unpacker/../dataunpacker.h:54:90:\x1b[m\x1b[K \x1b[01;35m\x1b[Kwarning: \x1b[m\x1b[Kunused parameter \xe2\x80\x98\x1b[01m\x1b[Kdata\x1b[m\x1b[K\xe2\x80\x99 [\x1b[01;35m\x1b[K\x1b]8;;https://gcc.gnu.org/onlinedocs/gcc/Warning-Options.html#index-Wunused-parameter\x07-Wunused-parameter\x1b]8;;\x07\x1b[m\x1b[K]\n'}
[14.584404] (rplidar_ros) StderrLine: {'line': b'   54 | ampleDataDecoded(_u8 ansType, _u32 customCode, \x1b[01;35m\x1b[Kconst void* data\x1b[m\x1b[K, size_t size) {}\n'}
[14.584537] (rplidar_ros) StderrLine: {'line': b'      |                                                \x1b[01;35m\x1b[K~~~~~~~~~~~~^~~~\x1b[m\x1b[K\n'}
[14.584664] (rplidar_ros) StderrLine: {'line': b'\n'}
[14.584789] (rplidar_ros) StderrLine: {'line': b'\x1b[01m\x1b[K/home/ltr/aizee/jetson_ws/src/rplidar_ros/sdk/src/dataunpacker/unpacker/../dataunpacker.h:54:103:\x1b[m\x1b[K \x1b[01;35m\x1b[Kwarning: \x1b[m\x1b[Kunused parameter \xe2\x80\x98\x1b[01m\x1b[Ksize\x1b[m\x1b[K\xe2\x80\x99 [\x1b[01;35m\x1b[K\x1b]8;;https://gcc.gnu.org/onlinedocs/gcc/Warning-Options.html#index-Wunused-parameter\x07-Wunused-parameter\x1b]8;;\x07\x1b[m\x1b[K]\n'}
[14.585431] (rplidar_ros) StderrLine: {'line': b'   54 | ecoded(_u8 ansType, _u32 customCode, const void* data, \x1b[01;35m\x1b[Ksize_t size\x1b[m\x1b[K) {}\n'}
[14.585573] (rplidar_ros) StderrLine: {'line': b'      |                                                        \x1b[01;35m\x1b[K~~~~~~~^~~~\x1b[m\x1b[K\n'}
[14.585705] (rplidar_ros) StderrLine: {'line': b'\n'}
[14.585829] (rplidar_ros) StderrLine: {'line': b'\x1b[01m\x1b[K/home/ltr/aizee/jetson_ws/src/rplidar_ros/sdk/src/dataunpacker/unpacker/../dataunpacker.h:\x1b[m\x1b[K In member function \xe2\x80\x98\x1b[01m\x1b[Kvirtual void sl::internal::LIDARSampleDataListener::onDecodingError(int, _u8, const void*, size_t)\x1b[m\x1b[K\xe2\x80\x99:\n'}
[14.585965] (rplidar_ros) StderrLine: {'line': b'\x1b[01m\x1b[K/home/ltr/aizee/jetson_ws/src/rplidar_ros/sdk/src/dataunpacker/unpacker/../dataunpacker.h:56:42:\x1b[m\x1b[K \x1b[01;35m\x1b[Kwarning: \x1b[m\x1b[Kunused parameter \xe2\x80\x98\x1b[01m\x1b[KerrMsg\x1b[m\x1b[K\xe2\x80\x99 [\x1b[01;35m\x1b[K\x1b]8;;https://gcc.gnu.org/onlinedocs/gcc/Warning-Options.html#index-Wunused-parameter\x07-Wunused-parameter\x1b]8;;\x07\x1b[m\x1b[K]\n'}
[14.586181] (rplidar_ros) StderrLine: {'line': b'   56 |         virtual void onDecodingError(\x1b[01;35m\x1b[Kint errMsg\x1b[m\x1b[K, _u8 ansType, const void* payload, size_t size) {}\n'}
[14.586321] (rplidar_ros) StderrLine: {'line': b'      |                                      \x1b[01;35m\x1b[K~~~~^~~~~~\x1b[m\x1b[K\n'}
[14.586449] (rplidar_ros) StderrLine: {'line': b'\x1b[01m\x1b[K/home/ltr/aizee/jetson_ws/src/rplidar_ros/sdk/src/dataunpacker/unpacker/../dataunpacker.h:56:54:\x1b[m\x1b[K \x1b[01;35m\x1b[Kwarning: \x1b[m\x1b[Kunused parameter \xe2\x80\x98\x1b[01m\x1b[KansType\x1b[m\x1b[K\xe2\x80\x99 [\x1b[01;35m\x1b[K\x1b]8;;https://gcc.gnu.org/onlinedocs/gcc/Warning-Options.html#index-Wunused-parameter\x07-Wunused-parameter\x1b]8;;\x07\x1b[m\x1b[K]\n'}
[14.586581] (rplidar_ros) StderrLine: {'line': b'   56 |         virtual void onDecodingError(int errMsg, \x1b[01;35m\x1b[K_u8 ansType\x1b[m\x1b[K, const void* payload, size_t size) {}\n'}
[14.586702] (rplidar_ros) StderrLine: {'line': b'      |                                                  \x1b[01;35m\x1b[K~~~~^~~~~~~\x1b[m\x1b[K\n'}
[14.586824] (rplidar_ros) StderrLine: {'line': b'\x1b[01m\x1b[K/home/ltr/aizee/jetson_ws/src/rplidar_ros/sdk/src/dataunpacker/unpacker/../dataunpacker.h:56:75:\x1b[m\x1b[K \x1b[01;35m\x1b[Kwarning: \x1b[m\x1b[Kunused parameter \xe2\x80\x98\x1b[01m\x1b[Kpayload\x1b[m\x1b[K\xe2\x80\x99 [\x1b[01;35m\x1b[K\x1b]8;;https://gcc.gnu.org/onlinedocs/gcc/Warning-Options.html#index-Wunused-parameter\x07-Wunused-parameter\x1b]8;;\x07\x1b[m\x1b[K]\n'}
[14.586955] (rplidar_ros) StderrLine: {'line': b'   56 |  void onDecodingError(int errMsg, _u8 ansType, \x1b[01;35m\x1b[Kconst void* payload\x1b[m\x1b[K, size_t size) {}\n'}
[14.587082] (rplidar_ros) StderrLine: {'line': b'      |                                                \x1b[01;35m\x1b[K~~~~~~~~~~~~^~~~~~~\x1b[m\x1b[K\n'}
[14.587231] (rplidar_ros) StderrLine: {'line': b'\n'}
[14.587352] (rplidar_ros) StderrLine: {'line': b'\x1b[01m\x1b[K/home/ltr/aizee/jetson_ws/src/rplidar_ros/sdk/src/dataunpacker/unpacker/../dataunpacker.h:56:91:\x1b[m\x1b[K \x1b[01;35m\x1b[Kwarning: \x1b[m\x1b[Kunused parameter \xe2\x80\x98\x1b[01m\x1b[Ksize\x1b[m\x1b[K\xe2\x80\x99 [\x1b[01;35m\x1b[K\x1b]8;;https://gcc.gnu.org/onlinedocs/gcc/Warning-Options.html#index-Wunused-parameter\x07-Wunused-parameter\x1b]8;;\x07\x1b[m\x1b[K]\n'}
[14.587481] (rplidar_ros) StderrLine: {'line': b'   56 | ingError(int errMsg, _u8 ansType, const void* payload, \x1b[01;35m\x1b[Ksize_t size\x1b[m\x1b[K) {}\n'}
[14.587601] (rplidar_ros) StderrLine: {'line': b'      |                                                        \x1b[01;35m\x1b[K~~~~~~~^~~~\x1b[m\x1b[K\n'}
[14.587722] (rplidar_ros) StderrLine: {'line': b'\n'}
[14.660032] (-) TimerEvent: {}
[14.762547] (-) TimerEvent: {}
[14.847775] (rplidar_ros) StderrLine: {'line': b'In file included from \x1b[01m\x1b[K/home/ltr/aizee/jetson_ws/src/rplidar_ros/sdk/include/sl_lidar_cmd.h:41\x1b[m\x1b[K,\n'}
[14.848688] (rplidar_ros) StderrLine: {'line': b'                 from \x1b[01m\x1b[K/home/ltr/aizee/jetson_ws/src/rplidar_ros/sdk/include/sl_lidar_driver.h:54\x1b[m\x1b[K,\n'}
[14.848936] (rplidar_ros) StderrLine: {'line': b'                 from \x1b[01m\x1b[K/home/ltr/aizee/jetson_ws/src/rplidar_ros/sdk/src/sl_udp_channel.cpp:33\x1b[m\x1b[K:\n'}
[14.849100] (rplidar_ros) StderrLine: {'line': b'\x1b[01m\x1b[K/home/ltr/aizee/jetson_ws/src/rplidar_ros/sdk/include/sl_lidar_protocol.h:66:16:\x1b[m\x1b[K \x1b[01;35m\x1b[Kwarning: \x1b[m\x1b[KISO C++ forbids zero-size array \xe2\x80\x98\x1b[01m\x1b[Kdata\x1b[m\x1b[K\xe2\x80\x99 [\x1b[01;35m\x1b[K\x1b]8;;https://gcc.gnu.org/onlinedocs/gcc/Warning-Options.html#index-Wpedantic\x07-Wpedantic\x1b]8;;\x07\x1b[m\x1b[K]\n'}
[14.849268] (rplidar_ros) StderrLine: {'line': b'   66 |     sl_u8 data[\x1b[01;35m\x1b[K0\x1b[m\x1b[K];\n'}
[14.849407] (rplidar_ros) StderrLine: {'line': b'      |                \x1b[01;35m\x1b[K^\x1b[m\x1b[K\n'}
[14.849656] (rplidar_ros) StderrLine: {'line': b'In file included from \x1b[01m\x1b[K/home/ltr/aizee/jetson_ws/src/rplidar_ros/sdk/include/sl_lidar_driver.h:54\x1b[m\x1b[K,\n'}
[14.849994] (rplidar_ros) StderrLine: {'line': b'                 from \x1b[01m\x1b[K/home/ltr/aizee/jetson_ws/src/rplidar_ros/sdk/src/sl_udp_channel.cpp:33\x1b[m\x1b[K:\n'}
[14.850151] (rplidar_ros) StderrLine: {'line': b'\x1b[01m\x1b[K/home/ltr/aizee/jetson_ws/src/rplidar_ros/sdk/include/sl_lidar_cmd.h:324:20:\x1b[m\x1b[K \x1b[01;35m\x1b[Kwarning: \x1b[m\x1b[KISO C++ forbids zero-size array \xe2\x80\x98\x1b[01m\x1b[Kpayload\x1b[m\x1b[K\xe2\x80\x99 [\x1b[01;35m\x1b[K\x1b]8;;https://gcc.gnu.org/onlinedocs/gcc/Warning-Options.html#index-Wpedantic\x07-Wpedantic\x1b]8;;\x07\x1b[m\x1b[K]\n'}
[14.850298] (rplidar_ros) StderrLine: {'line': b'  324 |     sl_u8  payload[\x1b[01;35m\x1b[K0\x1b[m\x1b[K];\n'}
[14.850429] (rplidar_ros) StderrLine: {'line': b'      |                    \x1b[01;35m\x1b[K^\x1b[m\x1b[K\n'}
[14.862868] (-) TimerEvent: {}
[14.863884] (rplidar_ros) StderrLine: {'line': b'\x1b[01m\x1b[K/home/ltr/aizee/jetson_ws/src/rplidar_ros/sdk/src/sl_udp_channel.cpp:\x1b[m\x1b[K In member function \xe2\x80\x98\x1b[01m\x1b[Kvoid sl::UdpChannel::setStatus(_u32)\x1b[m\x1b[K\xe2\x80\x99:\n'}
[14.864378] (rplidar_ros) StderrLine: {'line': b'\x1b[01m\x1b[K/home/ltr/aizee/jetson_ws/src/rplidar_ros/sdk/src/sl_udp_channel.cpp:112:29:\x1b[m\x1b[K \x1b[01;35m\x1b[Kwarning: \x1b[m\x1b[Kunused parameter \xe2\x80\x98\x1b[01m\x1b[Kflag\x1b[m\x1b[K\xe2\x80\x99 [\x1b[01;35m\x1b[K\x1b]8;;https://gcc.gnu.org/onlinedocs/gcc/Warning-Options.html#index-Wunused-parameter\x07-Wunused-parameter\x1b]8;;\x07\x1b[m\x1b[K]\n'}
[14.864561] (rplidar_ros) StderrLine: {'line': b'  112 |         void setStatus(\x1b[01;35m\x1b[K_u32 flag\x1b[m\x1b[K){}\n'}
[14.864712] (rplidar_ros) StderrLine: {'line': b'      |                        \x1b[01;35m\x1b[K~~~~~^~~~\x1b[m\x1b[K\n'}
[14.928146] (rplidar_ros) StdoutLine: {'line': b'[ 73%] \x1b[32mBuilding CXX object CMakeFiles/rplidar_composition.dir/sdk/src/rplidar_driver.cpp.o\x1b[0m\n'}
[14.963202] (-) TimerEvent: {}
[15.020627] (rplidar_ros) StdoutLine: {'line': b'[ 76%] \x1b[32mBuilding CXX object CMakeFiles/rplidar_composition.dir/sdk/src/sl_async_transceiver.cpp.o\x1b[0m\n'}
[15.063531] (-) TimerEvent: {}
[15.166106] (-) TimerEvent: {}
[15.268798] (-) TimerEvent: {}
[15.371416] (-) TimerEvent: {}
[15.474241] (-) TimerEvent: {}
[15.576722] (-) TimerEvent: {}
[15.665618] (rplidar_ros) StderrLine: {'line': b'In file included from \x1b[01m\x1b[K/home/ltr/aizee/jetson_ws/src/rplidar_ros/sdk/include/rplidar_protocol.h:36\x1b[m\x1b[K,\n'}
[15.666680] (rplidar_ros) StderrLine: {'line': b'                 from \x1b[01m\x1b[K/home/ltr/aizee/jetson_ws/src/rplidar_ros/sdk/include/rplidar.h:39\x1b[m\x1b[K,\n'}
[15.667118] (rplidar_ros) StderrLine: {'line': b'                 from \x1b[01m\x1b[K/home/ltr/aizee/jetson_ws/src/rplidar_ros/sdk/src/sdkcommon.h:49\x1b[m\x1b[K,\n'}
[15.667432] (rplidar_ros) StderrLine: {'line': b'                 from \x1b[01m\x1b[K/home/ltr/aizee/jetson_ws/src/rplidar_ros/sdk/src/hal/thread.cpp:35\x1b[m\x1b[K:\n'}
[15.667792] (rplidar_ros) StderrLine: {'line': b'\x1b[01m\x1b[K/home/ltr/aizee/jetson_ws/src/rplidar_ros/sdk/include/sl_lidar_protocol.h:66:16:\x1b[m\x1b[K \x1b[01;35m\x1b[Kwarning: \x1b[m\x1b[KISO C++ forbids zero-size array \xe2\x80\x98\x1b[01m\x1b[Kdata\x1b[m\x1b[K\xe2\x80\x99 [\x1b[01;35m\x1b[K\x1b]8;;https://gcc.gnu.org/onlinedocs/gcc/Warning-Options.html#index-Wpedantic\x07-Wpedantic\x1b]8;;\x07\x1b[m\x1b[K]\n'}
[15.668114] (rplidar_ros) StderrLine: {'line': b'   66 |     sl_u8 data[\x1b[01;35m\x1b[K0\x1b[m\x1b[K];\n'}
[15.668397] (rplidar_ros) StderrLine: {'line': b'      |                \x1b[01;35m\x1b[K^\x1b[m\x1b[K\n'}
[15.670495] (rplidar_ros) StderrLine: {'line': b'In file included from \x1b[01m\x1b[K/home/ltr/aizee/jetson_ws/src/rplidar_ros/sdk/include/rplidar_cmd.h:36\x1b[m\x1b[K,\n'}
[15.671114] (rplidar_ros) StderrLine: {'line': b'                 from \x1b[01m\x1b[K/home/ltr/aizee/jetson_ws/src/rplidar_ros/sdk/include/rplidar.h:40\x1b[m\x1b[K,\n'}
[15.671489] (rplidar_ros) StderrLine: {'line': b'                 from \x1b[01m\x1b[K/home/ltr/aizee/jetson_ws/src/rplidar_ros/sdk/src/sdkcommon.h:49\x1b[m\x1b[K,\n'}
[15.671800] (rplidar_ros) StderrLine: {'line': b'                 from \x1b[01m\x1b[K/home/ltr/aizee/jetson_ws/src/rplidar_ros/sdk/src/hal/thread.cpp:35\x1b[m\x1b[K:\n'}
[15.672142] (rplidar_ros) StderrLine: {'line': b'\x1b[01m\x1b[K/home/ltr/aizee/jetson_ws/src/rplidar_ros/sdk/include/sl_lidar_cmd.h:324:20:\x1b[m\x1b[K \x1b[01;35m\x1b[Kwarning: \x1b[m\x1b[KISO C++ forbids zero-size array \xe2\x80\x98\x1b[01m\x1b[Kpayload\x1b[m\x1b[K\xe2\x80\x99 [\x1b[01;35m\x1b[K\x1b]8;;https://gcc.gnu.org/onlinedocs/gcc/Warning-Options.html#index-Wpedantic\x07-Wpedantic\x1b]8;;\x07\x1b[m\x1b[K]\n'}
[15.672454] (rplidar_ros) StderrLine: {'line': b'  324 |     sl_u8  payload[\x1b[01;35m\x1b[K0\x1b[m\x1b[K];\n'}
[15.672727] (rplidar_ros) StderrLine: {'line': b'      |                    \x1b[01;35m\x1b[K^\x1b[m\x1b[K\n'}
[15.676950] (-) TimerEvent: {}
[15.779162] (-) TimerEvent: {}
[15.815828] (rplidar_ros) StderrLine: {'line': b'In file included from \x1b[01m\x1b[K/home/ltr/aizee/jetson_ws/src/rplidar_ros/sdk/src/hal/thread.cpp:43\x1b[m\x1b[K:\n'}
[15.816960] (rplidar_ros) StderrLine: {'line': b'\x1b[01m\x1b[K/home/ltr/aizee/jetson_ws/src/rplidar_ros/sdk/src/arch/linux/thread.hpp:\x1b[m\x1b[K In static member function \xe2\x80\x98\x1b[01m\x1b[Kstatic rp::hal::Thread rp::hal::Thread::create(thread_proc_t, void*)\x1b[m\x1b[K\xe2\x80\x99:\n'}
[15.817481] (rplidar_ros) StderrLine: {'line': b'\x1b[01m\x1b[K/home/ltr/aizee/jetson_ws/src/rplidar_ros/sdk/src/arch/linux/thread.hpp:52:57:\x1b[m\x1b[K \x1b[01;35m\x1b[Kwarning: \x1b[m\x1b[Kcast between incompatible function types from \xe2\x80\x98\x1b[01m\x1b[Kthread_proc_t\x1b[m\x1b[K\xe2\x80\x99 {aka \xe2\x80\x98\x1b[01m\x1b[Klong unsigned int (*)(void*)\x1b[m\x1b[K\xe2\x80\x99} to \xe2\x80\x98\x1b[01m\x1b[Kvoid* (*)(void*)\x1b[m\x1b[K\xe2\x80\x99 [\x1b[01;35m\x1b[K\x1b]8;;https://gcc.gnu.org/onlinedocs/gcc/Warning-Options.html#index-Wcast-function-type\x07-Wcast-function-type\x1b]8;;\x07\x1b[m\x1b[K]\n'}
[15.817865] (rplidar_ros) StderrLine: {'line': b'   52 |     pthread_create((pthread_t *)&newborn._handle, NULL, \x1b[01;35m\x1b[K(void * (*)(void *))proc\x1b[m\x1b[K, data);\n'}
[15.818181] (rplidar_ros) StderrLine: {'line': b'      |                                                         \x1b[01;35m\x1b[K^~~~~~~~~~~~~~~~~~~~~~~~\x1b[m\x1b[K\n'}
[15.821293] (rplidar_ros) StderrLine: {'line': b'\x1b[01m\x1b[K/home/ltr/aizee/jetson_ws/src/rplidar_ros/sdk/src/arch/linux/thread.hpp:\x1b[m\x1b[K In member function \xe2\x80\x98\x1b[01m\x1b[Ku_result rp::hal::Thread::join(long unsigned int)\x1b[m\x1b[K\xe2\x80\x99:\n'}
[15.822050] (rplidar_ros) StderrLine: {'line': b'\x1b[01m\x1b[K/home/ltr/aizee/jetson_ws/src/rplidar_ros/sdk/src/arch/linux/thread.hpp:176:37:\x1b[m\x1b[K \x1b[01;35m\x1b[Kwarning: \x1b[m\x1b[Kunused parameter \xe2\x80\x98\x1b[01m\x1b[Ktimeout\x1b[m\x1b[K\xe2\x80\x99 [\x1b[01;35m\x1b[K\x1b]8;;https://gcc.gnu.org/onlinedocs/gcc/Warning-Options.html#index-Wunused-parameter\x07-Wunused-parameter\x1b]8;;\x07\x1b[m\x1b[K]\n'}
[15.822465] (rplidar_ros) StderrLine: {'line': b'  176 | u_result Thread::join(\x1b[01;35m\x1b[Kunsigned long timeout\x1b[m\x1b[K)\n'}
[15.822793] (rplidar_ros) StderrLine: {'line': b'      |                       \x1b[01;35m\x1b[K~~~~~~~~~~~~~~^~~~~~~\x1b[m\x1b[K\n'}
[15.879482] (-) TimerEvent: {}
[15.982052] (-) TimerEvent: {}
[15.992989] (rplidar_ros) StderrLine: {'line': b'In file included from \x1b[01m\x1b[K/home/ltr/aizee/jetson_ws/src/rplidar_ros/sdk/include/rplidar_protocol.h:36\x1b[m\x1b[K,\n'}
[15.994043] (rplidar_ros) StderrLine: {'line': b'                 from \x1b[01m\x1b[K/home/ltr/aizee/jetson_ws/src/rplidar_ros/sdk/include/rplidar.h:39\x1b[m\x1b[K,\n'}
[15.994277] (rplidar_ros) StderrLine: {'line': b'                 from \x1b[01m\x1b[K/home/ltr/aizee/jetson_ws/src/rplidar_ros/sdk/src/sdkcommon.h:49\x1b[m\x1b[K,\n'}
[15.994440] (rplidar_ros) StderrLine: {'line': b'                 from \x1b[01m\x1b[K/home/ltr/aizee/jetson_ws/src/rplidar_ros/sdk/src/sl_async_transceiver.cpp:35\x1b[m\x1b[K:\n'}
[15.994963] (rplidar_ros) StderrLine: {'line': b'\x1b[01m\x1b[K/home/ltr/aizee/jetson_ws/src/rplidar_ros/sdk/include/sl_lidar_protocol.h:66:16:\x1b[m\x1b[K \x1b[01;35m\x1b[Kwarning: \x1b[m\x1b[KISO C++ forbids zero-size array \xe2\x80\x98\x1b[01m\x1b[Kdata\x1b[m\x1b[K\xe2\x80\x99 [\x1b[01;35m\x1b[K\x1b]8;;https://gcc.gnu.org/onlinedocs/gcc/Warning-Options.html#index-Wpedantic\x07-Wpedantic\x1b]8;;\x07\x1b[m\x1b[K]\n'}
[15.995304] (rplidar_ros) StderrLine: {'line': b'   66 |     sl_u8 data[\x1b[01;35m\x1b[K0\x1b[m\x1b[K];\n'}
[15.995503] (rplidar_ros) StderrLine: {'line': b'      |                \x1b[01;35m\x1b[K^\x1b[m\x1b[K\n'}
[15.995652] (rplidar_ros) StderrLine: {'line': b'In file included from \x1b[01m\x1b[K/home/ltr/aizee/jetson_ws/src/rplidar_ros/sdk/include/rplidar_cmd.h:36\x1b[m\x1b[K,\n'}
[15.995792] (rplidar_ros) StderrLine: {'line': b'                 from \x1b[01m\x1b[K/home/ltr/aizee/jetson_ws/src/rplidar_ros/sdk/include/rplidar.h:40\x1b[m\x1b[K,\n'}
[15.995954] (rplidar_ros) StderrLine: {'line': b'                 from \x1b[01m\x1b[K/home/ltr/aizee/jetson_ws/src/rplidar_ros/sdk/src/sdkcommon.h:49\x1b[m\x1b[K,\n'}
[15.996083] (rplidar_ros) StderrLine: {'line': b'                 from \x1b[01m\x1b[K/home/ltr/aizee/jetson_ws/src/rplidar_ros/sdk/src/sl_async_transceiver.cpp:35\x1b[m\x1b[K:\n'}
[15.996212] (rplidar_ros) StderrLine: {'line': b'\x1b[01m\x1b[K/home/ltr/aizee/jetson_ws/src/rplidar_ros/sdk/include/sl_lidar_cmd.h:324:20:\x1b[m\x1b[K \x1b[01;35m\x1b[Kwarning: \x1b[m\x1b[KISO C++ forbids zero-size array \xe2\x80\x98\x1b[01m\x1b[Kpayload\x1b[m\x1b[K\xe2\x80\x99 [\x1b[01;35m\x1b[K\x1b]8;;https://gcc.gnu.org/onlinedocs/gcc/Warning-Options.html#index-Wpedantic\x07-Wpedantic\x1b]8;;\x07\x1b[m\x1b[K]\n'}
[15.996387] (rplidar_ros) StderrLine: {'line': b'  324 |     sl_u8  payload[\x1b[01;35m\x1b[K0\x1b[m\x1b[K];\n'}
[15.996541] (rplidar_ros) StderrLine: {'line': b'      |                    \x1b[01;35m\x1b[K^\x1b[m\x1b[K\n'}
[16.062461] (rplidar_ros) StderrLine: {'line': b'In file included from \x1b[01m\x1b[K/home/ltr/aizee/jetson_ws/src/rplidar_ros/sdk/include/rplidar_protocol.h:36\x1b[m\x1b[K,\n'}
[16.063239] (rplidar_ros) StderrLine: {'line': b'                 from \x1b[01m\x1b[K/home/ltr/aizee/jetson_ws/src/rplidar_ros/sdk/include/rplidar.h:39\x1b[m\x1b[K,\n'}
[16.064082] (rplidar_ros) StderrLine: {'line': b'                 from \x1b[01m\x1b[K/home/ltr/aizee/jetson_ws/src/rplidar_ros/sdk/src/sdkcommon.h:49\x1b[m\x1b[K,\n'}
[16.064304] (rplidar_ros) StderrLine: {'line': b'                 from \x1b[01m\x1b[K/home/ltr/aizee/jetson_ws/src/rplidar_ros/sdk/src/rplidar_driver.cpp:33\x1b[m\x1b[K:\n'}
[16.064464] (rplidar_ros) StderrLine: {'line': b'\x1b[01m\x1b[K/home/ltr/aizee/jetson_ws/src/rplidar_ros/sdk/include/sl_lidar_protocol.h:66:16:\x1b[m\x1b[K \x1b[01;35m\x1b[Kwarning: \x1b[m\x1b[KISO C++ forbids zero-size array \xe2\x80\x98\x1b[01m\x1b[Kdata\x1b[m\x1b[K\xe2\x80\x99 [\x1b[01;35m\x1b[K\x1b]8;;https://gcc.gnu.org/onlinedocs/gcc/Warning-Options.html#index-Wpedantic\x07-Wpedantic\x1b]8;;\x07\x1b[m\x1b[K]\n'}
[16.064633] (rplidar_ros) StderrLine: {'line': b'   66 |     sl_u8 data[\x1b[01;35m\x1b[K0\x1b[m\x1b[K];\n'}
[16.064770] (rplidar_ros) StderrLine: {'line': b'      |                \x1b[01;35m\x1b[K^\x1b[m\x1b[K\n'}
[16.064946] (rplidar_ros) StderrLine: {'line': b'In file included from \x1b[01m\x1b[K/home/ltr/aizee/jetson_ws/src/rplidar_ros/sdk/include/rplidar_cmd.h:36\x1b[m\x1b[K,\n'}
[16.065083] (rplidar_ros) StderrLine: {'line': b'                 from \x1b[01m\x1b[K/home/ltr/aizee/jetson_ws/src/rplidar_ros/sdk/include/rplidar.h:40\x1b[m\x1b[K,\n'}
[16.065212] (rplidar_ros) StderrLine: {'line': b'                 from \x1b[01m\x1b[K/home/ltr/aizee/jetson_ws/src/rplidar_ros/sdk/src/sdkcommon.h:49\x1b[m\x1b[K,\n'}
[16.065342] (rplidar_ros) StderrLine: {'line': b'                 from \x1b[01m\x1b[K/home/ltr/aizee/jetson_ws/src/rplidar_ros/sdk/src/rplidar_driver.cpp:33\x1b[m\x1b[K:\n'}
[16.065468] (rplidar_ros) StderrLine: {'line': b'\x1b[01m\x1b[K/home/ltr/aizee/jetson_ws/src/rplidar_ros/sdk/include/sl_lidar_cmd.h:324:20:\x1b[m\x1b[K \x1b[01;35m\x1b[Kwarning: \x1b[m\x1b[KISO C++ forbids zero-size array \xe2\x80\x98\x1b[01m\x1b[Kpayload\x1b[m\x1b[K\xe2\x80\x99 [\x1b[01;35m\x1b[K\x1b]8;;https://gcc.gnu.org/onlinedocs/gcc/Warning-Options.html#index-Wpedantic\x07-Wpedantic\x1b]8;;\x07\x1b[m\x1b[K]\n'}
[16.065606] (rplidar_ros) StderrLine: {'line': b'  324 |     sl_u8  payload[\x1b[01;35m\x1b[K0\x1b[m\x1b[K];\n'}
[16.065736] (rplidar_ros) StderrLine: {'line': b'      |                    \x1b[01;35m\x1b[K^\x1b[m\x1b[K\n'}
[16.082365] (-) TimerEvent: {}
[16.094342] (rplidar_ros) StdoutLine: {'line': b'[ 78%] \x1b[32mBuilding CXX object CMakeFiles/rplidar_composition.dir/sdk/src/sl_crc.cpp.o\x1b[0m\n'}
[16.144660] (rplidar_ros) StderrLine: {'line': b'In file included from \x1b[01m\x1b[K/home/ltr/aizee/jetson_ws/src/rplidar_ros/sdk/include/sl_lidar_cmd.h:41\x1b[m\x1b[K,\n'}
[16.145451] (rplidar_ros) StderrLine: {'line': b'                 from \x1b[01m\x1b[K/home/ltr/aizee/jetson_ws/src/rplidar_ros/sdk/include/sl_crc.h:36\x1b[m\x1b[K,\n'}
[16.145672] (rplidar_ros) StderrLine: {'line': b'                 from \x1b[01m\x1b[K/home/ltr/aizee/jetson_ws/src/rplidar_ros/sdk/src/sl_crc.cpp:33\x1b[m\x1b[K:\n'}
[16.145851] (rplidar_ros) StderrLine: {'line': b'\x1b[01m\x1b[K/home/ltr/aizee/jetson_ws/src/rplidar_ros/sdk/include/sl_lidar_protocol.h:66:16:\x1b[m\x1b[K \x1b[01;35m\x1b[Kwarning: \x1b[m\x1b[KISO C++ forbids zero-size array \xe2\x80\x98\x1b[01m\x1b[Kdata\x1b[m\x1b[K\xe2\x80\x99 [\x1b[01;35m\x1b[K\x1b]8;;https://gcc.gnu.org/onlinedocs/gcc/Warning-Options.html#index-Wpedantic\x07-Wpedantic\x1b]8;;\x07\x1b[m\x1b[K]\n'}
[16.146042] (rplidar_ros) StderrLine: {'line': b'   66 |     sl_u8 data[\x1b[01;35m\x1b[K0\x1b[m\x1b[K];\n'}
[16.146480] (rplidar_ros) StderrLine: {'line': b'      |                \x1b[01;35m\x1b[K^\x1b[m\x1b[K\n'}
[16.146681] (rplidar_ros) StderrLine: {'line': b'In file included from \x1b[01m\x1b[K/home/ltr/aizee/jetson_ws/src/rplidar_ros/sdk/include/sl_crc.h:36\x1b[m\x1b[K,\n'}
[16.146824] (rplidar_ros) StderrLine: {'line': b'                 from \x1b[01m\x1b[K/home/ltr/aizee/jetson_ws/src/rplidar_ros/sdk/src/sl_crc.cpp:33\x1b[m\x1b[K:\n'}
[16.146957] (rplidar_ros) StderrLine: {'line': b'\x1b[01m\x1b[K/home/ltr/aizee/jetson_ws/src/rplidar_ros/sdk/include/sl_lidar_cmd.h:324:20:\x1b[m\x1b[K \x1b[01;35m\x1b[Kwarning: \x1b[m\x1b[KISO C++ forbids zero-size array \xe2\x80\x98\x1b[01m\x1b[Kpayload\x1b[m\x1b[K\xe2\x80\x99 [\x1b[01;35m\x1b[K\x1b]8;;https://gcc.gnu.org/onlinedocs/gcc/Warning-Options.html#index-Wpedantic\x07-Wpedantic\x1b]8;;\x07\x1b[m\x1b[K]\n'}
[16.147115] (rplidar_ros) StderrLine: {'line': b'  324 |     sl_u8  payload[\x1b[01;35m\x1b[K0\x1b[m\x1b[K];\n'}
[16.147246] (rplidar_ros) StderrLine: {'line': b'      |                    \x1b[01;35m\x1b[K^\x1b[m\x1b[K\n'}
[16.182716] (-) TimerEvent: {}
[16.198972] (rplidar_ros) StdoutLine: {'line': b'[ 81%] \x1b[32mBuilding CXX object CMakeFiles/rplidar_composition.dir/sdk/src/sl_lidar_driver.cpp.o\x1b[0m\n'}
[16.273392] (rplidar_ros) StderrLine: {'line': b'In file included from \x1b[01m\x1b[K/home/ltr/aizee/jetson_ws/src/rplidar_ros/sdk/src/sl_async_transceiver.cpp:44\x1b[m\x1b[K:\n'}
[16.274322] (rplidar_ros) StderrLine: {'line': b'\x1b[01m\x1b[K/home/ltr/aizee/jetson_ws/src/rplidar_ros/sdk/src/sl_async_transceiver.h:\x1b[m\x1b[K In member function \xe2\x80\x98\x1b[01m\x1b[Kvirtual void sl::internal::IAsyncProtocolCodec::onChannelError(u_result)\x1b[m\x1b[K\xe2\x80\x99:\n'}
[16.274674] (rplidar_ros) StderrLine: {'line': b'\x1b[01m\x1b[K/home/ltr/aizee/jetson_ws/src/rplidar_ros/sdk/src/sl_async_transceiver.h:90:48:\x1b[m\x1b[K \x1b[01;35m\x1b[Kwarning: \x1b[m\x1b[Kunused parameter \xe2\x80\x98\x1b[01m\x1b[KerrCode\x1b[m\x1b[K\xe2\x80\x99 [\x1b[01;35m\x1b[K\x1b]8;;https://gcc.gnu.org/onlinedocs/gcc/Warning-Options.html#index-Wunused-parameter\x07-Wunused-parameter\x1b]8;;\x07\x1b[m\x1b[K]\n'}
[16.275012] (rplidar_ros) StderrLine: {'line': b'   90 |         virtual void   onChannelError(\x1b[01;35m\x1b[Ku_result errCode\x1b[m\x1b[K) {}\n'}
[16.275278] (rplidar_ros) StderrLine: {'line': b'      |                                       \x1b[01;35m\x1b[K~~~~~~~~~^~~~~~~\x1b[m\x1b[K\n'}
[16.282988] (-) TimerEvent: {}
[16.384124] (-) TimerEvent: {}
[16.485313] (-) TimerEvent: {}
[16.515838] (rplidar_ros) StderrLine: {'line': b'\x1b[01m\x1b[K/home/ltr/aizee/jetson_ws/src/rplidar_ros/sdk/src/rplidar_driver.cpp:\x1b[m\x1b[K In member function \xe2\x80\x98\x1b[01m\x1b[Ku_result rp::standalone::rplidar::RPlidarDriver::connect(const char*, _u32, _u32)\x1b[m\x1b[K\xe2\x80\x99:\n'}
[16.516957] (rplidar_ros) StderrLine: {'line': b'\x1b[01m\x1b[K/home/ltr/aizee/jetson_ws/src/rplidar_ros/sdk/src/rplidar_driver.cpp:67:77:\x1b[m\x1b[K \x1b[01;35m\x1b[Kwarning: \x1b[m\x1b[Kunused parameter \xe2\x80\x98\x1b[01m\x1b[Kflag\x1b[m\x1b[K\xe2\x80\x99 [\x1b[01;35m\x1b[K\x1b]8;;https://gcc.gnu.org/onlinedocs/gcc/Warning-Options.html#index-Wunused-parameter\x07-Wunused-parameter\x1b]8;;\x07\x1b[m\x1b[K]\n'}
[16.517202] (rplidar_ros) StderrLine: {'line': b'   67 | t RPlidarDriver::connect(const char *path, _u32 portOrBaud, \x1b[01;35m\x1b[K_u32 flag\x1b[m\x1b[K)\n'}
[16.517357] (rplidar_ros) StderrLine: {'line': b'      |                                                             \x1b[01;35m\x1b[K~~~~~^~~~\x1b[m\x1b[K\n'}
[16.517498] (rplidar_ros) StderrLine: {'line': b'\n'}
[16.517631] (rplidar_ros) StderrLine: {'line': b'\x1b[01m\x1b[K/home/ltr/aizee/jetson_ws/src/rplidar_ros/sdk/src/rplidar_driver.cpp:\x1b[m\x1b[K In member function \xe2\x80\x98\x1b[01m\x1b[Ku_result rp::standalone::rplidar::RPlidarDriver::reset(_u32)\x1b[m\x1b[K\xe2\x80\x99:\n'}
[16.517771] (rplidar_ros) StderrLine: {'line': b'\x1b[01m\x1b[K/home/ltr/aizee/jetson_ws/src/rplidar_ros/sdk/src/rplidar_driver.cpp:101:40:\x1b[m\x1b[K \x1b[01;35m\x1b[Kwarning: \x1b[m\x1b[Kunused parameter \xe2\x80\x98\x1b[01m\x1b[Ktimeout\x1b[m\x1b[K\xe2\x80\x99 [\x1b[01;35m\x1b[K\x1b]8;;https://gcc.gnu.org/onlinedocs/gcc/Warning-Options.html#index-Wunused-parameter\x07-Wunused-parameter\x1b]8;;\x07\x1b[m\x1b[K]\n'}
[16.517938] (rplidar_ros) StderrLine: {'line': b'  101 |     u_result RPlidarDriver::reset(\x1b[01;35m\x1b[K_u32 timeout\x1b[m\x1b[K)\n'}
[16.518069] (rplidar_ros) StderrLine: {'line': b'      |                                   \x1b[01;35m\x1b[K~~~~~^~~~~~~\x1b[m\x1b[K\n'}
[16.519365] (rplidar_ros) StderrLine: {'line': b'\x1b[01m\x1b[K/home/ltr/aizee/jetson_ws/src/rplidar_ros/sdk/src/rplidar_driver.cpp:\x1b[m\x1b[K In member function \xe2\x80\x98\x1b[01m\x1b[Ku_result rp::standalone::rplidar::RPlidarDriver::getScanDataWithInterval(rplidar_response_measurement_node_t*, size_t&)\x1b[m\x1b[K\xe2\x80\x99:\n'}
[16.519933] (rplidar_ros) StderrLine: {'line': b'\x1b[01m\x1b[K/home/ltr/aizee/jetson_ws/src/rplidar_ros/sdk/src/rplidar_driver.cpp:180:91:\x1b[m\x1b[K \x1b[01;35m\x1b[Kwarning: \x1b[m\x1b[Kunused parameter \xe2\x80\x98\x1b[01m\x1b[Knodebuffer\x1b[m\x1b[K\xe2\x80\x99 [\x1b[01;35m\x1b[K\x1b]8;;https://gcc.gnu.org/onlinedocs/gcc/Warning-Options.html#index-Wunused-parameter\x07-Wunused-parameter\x1b]8;;\x07\x1b[m\x1b[K]\n'}
[16.520109] (rplidar_ros) StderrLine: {'line': b'  180 | ScanDataWithInterval(\x1b[01;35m\x1b[Krplidar_response_measurement_node_t * nodebuffer\x1b[m\x1b[K, size_t & count)\n'}
[16.520254] (rplidar_ros) StderrLine: {'line': b'      |                      \x1b[01;35m\x1b[K~~~~~~~~~~~~~~~~~~~~~~~~~~~~~~~~~~~~~~^~~~~~~~~~\x1b[m\x1b[K\n'}
[16.520384] (rplidar_ros) StderrLine: {'line': b'\n'}
[16.520508] (rplidar_ros) StderrLine: {'line': b'\x1b[01m\x1b[K/home/ltr/aizee/jetson_ws/src/rplidar_ros/sdk/src/rplidar_driver.cpp:180:112:\x1b[m\x1b[K \x1b[01;35m\x1b[Kwarning: \x1b[m\x1b[Kunused parameter \xe2\x80\x98\x1b[01m\x1b[Kcount\x1b[m\x1b[K\xe2\x80\x99 [\x1b[01;35m\x1b[K\x1b]8;;https://gcc.gnu.org/onlinedocs/gcc/Warning-Options.html#index-Wunused-parameter\x07-Wunused-parameter\x1b]8;;\x07\x1b[m\x1b[K]\n'}
[16.520640] (rplidar_ros) StderrLine: {'line': b'  180 | rval(rplidar_response_measurement_node_t * nodebuffer, \x1b[01;35m\x1b[Ksize_t & count\x1b[m\x1b[K)\n'}
[16.520766] (rplidar_ros) StderrLine: {'line': b'      |                                                        \x1b[01;35m\x1b[K~~~~~~~~~^~~~~\x1b[m\x1b[K\n'}
[16.520971] (rplidar_ros) StderrLine: {'line': b'\n'}
[16.585581] (-) TimerEvent: {}
[16.686643] (-) TimerEvent: {}
[16.688333] (rplidar_ros) StdoutLine: {'line': b'[ 84%] \x1b[32mBuilding CXX object CMakeFiles/rplidar_composition.dir/sdk/src/sl_lidarprotocol_codec.cpp.o\x1b[0m\n'}
[16.786926] (-) TimerEvent: {}
[16.857053] (rplidar_ros) StdoutLine: {'line': b'[ 86%] \x1b[32mBuilding CXX object CMakeFiles/rplidar_composition.dir/sdk/src/sl_serial_channel.cpp.o\x1b[0m\n'}
[16.887263] (-) TimerEvent: {}
[16.988324] (-) TimerEvent: {}
[17.089669] (-) TimerEvent: {}
[17.190802] (-) TimerEvent: {}
[17.291959] (-) TimerEvent: {}
[17.322952] (rplidar_ros) StderrLine: {'line': b'In file included from \x1b[01m\x1b[K/home/ltr/aizee/jetson_ws/src/rplidar_ros/sdk/include/rplidar_protocol.h:36\x1b[m\x1b[K,\n'}
[17.324068] (rplidar_ros) StderrLine: {'line': b'                 from \x1b[01m\x1b[K/home/ltr/aizee/jetson_ws/src/rplidar_ros/sdk/include/rplidar.h:39\x1b[m\x1b[K,\n'}
[17.324354] (rplidar_ros) StderrLine: {'line': b'                 from \x1b[01m\x1b[K/home/ltr/aizee/jetson_ws/src/rplidar_ros/sdk/src/sdkcommon.h:49\x1b[m\x1b[K,\n'}
[17.324528] (rplidar_ros) StderrLine: {'line': b'                 from \x1b[01m\x1b[K/home/ltr/aizee/jetson_ws/src/rplidar_ros/sdk/src/sl_lidar_driver.cpp:33\x1b[m\x1b[K:\n'}
[17.325138] (rplidar_ros) StderrLine: {'line': b'\x1b[01m\x1b[K/home/ltr/aizee/jetson_ws/src/rplidar_ros/sdk/include/sl_lidar_protocol.h:66:16:\x1b[m\x1b[K \x1b[01;35m\x1b[Kwarning: \x1b[m\x1b[KISO C++ forbids zero-size array \xe2\x80\x98\x1b[01m\x1b[Kdata\x1b[m\x1b[K\xe2\x80\x99 [\x1b[01;35m\x1b[K\x1b]8;;https://gcc.gnu.org/onlinedocs/gcc/Warning-Options.html#index-Wpedantic\x07-Wpedantic\x1b]8;;\x07\x1b[m\x1b[K]\n'}
[17.325527] (rplidar_ros) StderrLine: {'line': b'   66 |     sl_u8 data[\x1b[01;35m\x1b[K0\x1b[m\x1b[K];\n'}
[17.325692] (rplidar_ros) StderrLine: {'line': b'      |                \x1b[01;35m\x1b[K^\x1b[m\x1b[K\n'}
[17.325833] (rplidar_ros) StderrLine: {'line': b'In file included from \x1b[01m\x1b[K/home/ltr/aizee/jetson_ws/src/rplidar_ros/sdk/include/rplidar_cmd.h:36\x1b[m\x1b[K,\n'}
[17.326003] (rplidar_ros) StderrLine: {'line': b'                 from \x1b[01m\x1b[K/home/ltr/aizee/jetson_ws/src/rplidar_ros/sdk/include/rplidar.h:40\x1b[m\x1b[K,\n'}
[17.326129] (rplidar_ros) StderrLine: {'line': b'                 from \x1b[01m\x1b[K/home/ltr/aizee/jetson_ws/src/rplidar_ros/sdk/src/sdkcommon.h:49\x1b[m\x1b[K,\n'}
[17.326255] (rplidar_ros) StderrLine: {'line': b'                 from \x1b[01m\x1b[K/home/ltr/aizee/jetson_ws/src/rplidar_ros/sdk/src/sl_lidar_driver.cpp:33\x1b[m\x1b[K:\n'}
[17.326379] (rplidar_ros) StderrLine: {'line': b'\x1b[01m\x1b[K/home/ltr/aizee/jetson_ws/src/rplidar_ros/sdk/include/sl_lidar_cmd.h:324:20:\x1b[m\x1b[K \x1b[01;35m\x1b[Kwarning: \x1b[m\x1b[KISO C++ forbids zero-size array \xe2\x80\x98\x1b[01m\x1b[Kpayload\x1b[m\x1b[K\xe2\x80\x99 [\x1b[01;35m\x1b[K\x1b]8;;https://gcc.gnu.org/onlinedocs/gcc/Warning-Options.html#index-Wpedantic\x07-Wpedantic\x1b]8;;\x07\x1b[m\x1b[K]\n'}
[17.326517] (rplidar_ros) StderrLine: {'line': b'  324 |     sl_u8  payload[\x1b[01;35m\x1b[K0\x1b[m\x1b[K];\n'}
[17.326641] (rplidar_ros) StderrLine: {'line': b'      |                    \x1b[01;35m\x1b[K^\x1b[m\x1b[K\n'}
[17.392328] (-) TimerEvent: {}
[17.493458] (-) TimerEvent: {}
[17.587814] (rplidar_ros) StderrLine: {'line': b'In file included from \x1b[01m\x1b[K/home/ltr/aizee/jetson_ws/src/rplidar_ros/sdk/include/sl_lidar_cmd.h:41\x1b[m\x1b[K,\n'}
[17.588718] (rplidar_ros) StderrLine: {'line': b'                 from \x1b[01m\x1b[K/home/ltr/aizee/jetson_ws/src/rplidar_ros/sdk/include/sl_lidar_driver.h:54\x1b[m\x1b[K,\n'}
[17.589031] (rplidar_ros) StderrLine: {'line': b'                 from \x1b[01m\x1b[K/home/ltr/aizee/jetson_ws/src/rplidar_ros/sdk/src/sl_serial_channel.cpp:33\x1b[m\x1b[K:\n'}
[17.589202] (rplidar_ros) StderrLine: {'line': b'\x1b[01m\x1b[K/home/ltr/aizee/jetson_ws/src/rplidar_ros/sdk/include/sl_lidar_protocol.h:66:16:\x1b[m\x1b[K \x1b[01;35m\x1b[Kwarning: \x1b[m\x1b[KISO C++ forbids zero-size array \xe2\x80\x98\x1b[01m\x1b[Kdata\x1b[m\x1b[K\xe2\x80\x99 [\x1b[01;35m\x1b[K\x1b]8;;https://gcc.gnu.org/onlinedocs/gcc/Warning-Options.html#index-Wpedantic\x07-Wpedantic\x1b]8;;\x07\x1b[m\x1b[K]\n'}
[17.589373] (rplidar_ros) StderrLine: {'line': b'   66 |     sl_u8 data[\x1b[01;35m\x1b[K0\x1b[m\x1b[K];\n'}
[17.589512] (rplidar_ros) StderrLine: {'line': b'      |                \x1b[01;35m\x1b[K^\x1b[m\x1b[K\n'}
[17.589844] (rplidar_ros) StderrLine: {'line': b'In file included from \x1b[01m\x1b[K/home/ltr/aizee/jetson_ws/src/rplidar_ros/sdk/include/sl_lidar_driver.h:54\x1b[m\x1b[K,\n'}
[17.590003] (rplidar_ros) StderrLine: {'line': b'                 from \x1b[01m\x1b[K/home/ltr/aizee/jetson_ws/src/rplidar_ros/sdk/src/sl_serial_channel.cpp:33\x1b[m\x1b[K:\n'}
[17.590139] (rplidar_ros) StderrLine: {'line': b'\x1b[01m\x1b[K/home/ltr/aizee/jetson_ws/src/rplidar_ros/sdk/include/sl_lidar_cmd.h:324:20:\x1b[m\x1b[K \x1b[01;35m\x1b[Kwarning: \x1b[m\x1b[KISO C++ forbids zero-size array \xe2\x80\x98\x1b[01m\x1b[Kpayload\x1b[m\x1b[K\xe2\x80\x99 [\x1b[01;35m\x1b[K\x1b]8;;https://gcc.gnu.org/onlinedocs/gcc/Warning-Options.html#index-Wpedantic\x07-Wpedantic\x1b]8;;\x07\x1b[m\x1b[K]\n'}
[17.590279] (rplidar_ros) StderrLine: {'line': b'  324 |     sl_u8  payload[\x1b[01;35m\x1b[K0\x1b[m\x1b[K];\n'}
[17.590407] (rplidar_ros) StderrLine: {'line': b'      |                    \x1b[01;35m\x1b[K^\x1b[m\x1b[K\n'}
[17.593588] (-) TimerEvent: {}
[17.694537] (-) TimerEvent: {}
[17.739966] (rplidar_ros) StderrLine: {'line': b'In file included from \x1b[01m\x1b[K/home/ltr/aizee/jetson_ws/src/rplidar_ros/sdk/include/rplidar_protocol.h:36\x1b[m\x1b[K,\n'}
[17.741163] (rplidar_ros) StderrLine: {'line': b'                 from \x1b[01m\x1b[K/home/ltr/aizee/jetson_ws/src/rplidar_ros/sdk/include/rplidar.h:39\x1b[m\x1b[K,\n'}
[17.741711] (rplidar_ros) StderrLine: {'line': b'                 from \x1b[01m\x1b[K/home/ltr/aizee/jetson_ws/src/rplidar_ros/sdk/src/sdkcommon.h:49\x1b[m\x1b[K,\n'}
[17.742057] (rplidar_ros) StderrLine: {'line': b'                 from \x1b[01m\x1b[K/home/ltr/aizee/jetson_ws/src/rplidar_ros/sdk/src/sl_lidarprotocol_codec.cpp:35\x1b[m\x1b[K:\n'}
[17.742382] (rplidar_ros) StderrLine: {'line': b'\x1b[01m\x1b[K/home/ltr/aizee/jetson_ws/src/rplidar_ros/sdk/include/sl_lidar_protocol.h:66:16:\x1b[m\x1b[K \x1b[01;35m\x1b[Kwarning: \x1b[m\x1b[KISO C++ forbids zero-size array \xe2\x80\x98\x1b[01m\x1b[Kdata\x1b[m\x1b[K\xe2\x80\x99 [\x1b[01;35m\x1b[K\x1b]8;;https://gcc.gnu.org/onlinedocs/gcc/Warning-Options.html#index-Wpedantic\x07-Wpedantic\x1b]8;;\x07\x1b[m\x1b[K]\n'}
[17.742690] (rplidar_ros) StderrLine: {'line': b'   66 |     sl_u8 data[\x1b[01;35m\x1b[K0\x1b[m\x1b[K];\n'}
[17.742961] (rplidar_ros) StderrLine: {'line': b'      |                \x1b[01;35m\x1b[K^\x1b[m\x1b[K\n'}
[17.744798] (rplidar_ros) StderrLine: {'line': b'In file included from \x1b[01m\x1b[K/home/ltr/aizee/jetson_ws/src/rplidar_ros/sdk/include/rplidar_cmd.h:36\x1b[m\x1b[K,\n'}
[17.745291] (rplidar_ros) StderrLine: {'line': b'                 from \x1b[01m\x1b[K/home/ltr/aizee/jetson_ws/src/rplidar_ros/sdk/include/rplidar.h:40\x1b[m\x1b[K,\n'}
[17.745603] (rplidar_ros) StderrLine: {'line': b'                 from \x1b[01m\x1b[K/home/ltr/aizee/jetson_ws/src/rplidar_ros/sdk/src/sdkcommon.h:49\x1b[m\x1b[K,\n'}
[17.745918] (rplidar_ros) StderrLine: {'line': b'                 from \x1b[01m\x1b[K/home/ltr/aizee/jetson_ws/src/rplidar_ros/sdk/src/sl_lidarprotocol_codec.cpp:35\x1b[m\x1b[K:\n'}
[17.746232] (rplidar_ros) StderrLine: {'line': b'\x1b[01m\x1b[K/home/ltr/aizee/jetson_ws/src/rplidar_ros/sdk/include/sl_lidar_cmd.h:324:20:\x1b[m\x1b[K \x1b[01;35m\x1b[Kwarning: \x1b[m\x1b[KISO C++ forbids zero-size array \xe2\x80\x98\x1b[01m\x1b[Kpayload\x1b[m\x1b[K\xe2\x80\x99 [\x1b[01;35m\x1b[K\x1b]8;;https://gcc.gnu.org/onlinedocs/gcc/Warning-Options.html#index-Wpedantic\x07-Wpedantic\x1b]8;;\x07\x1b[m\x1b[K]\n'}
[17.746520] (rplidar_ros) StderrLine: {'line': b'  324 |     sl_u8  payload[\x1b[01;35m\x1b[K0\x1b[m\x1b[K];\n'}
[17.746781] (rplidar_ros) StderrLine: {'line': b'      |                    \x1b[01;35m\x1b[K^\x1b[m\x1b[K\n'}
[17.781803] (rplidar_ros) StdoutLine: {'line': b'[ 89%] \x1b[32mBuilding CXX object CMakeFiles/rplidar_composition.dir/sdk/src/sl_tcp_channel.cpp.o\x1b[0m\n'}
[17.794877] (-) TimerEvent: {}
[17.896041] (-) TimerEvent: {}
[17.970176] (rplidar_ros) StderrLine: {'line': b'In file included from \x1b[01m\x1b[K/home/ltr/aizee/jetson_ws/src/rplidar_ros/sdk/src/sl_lidar_driver.cpp:50\x1b[m\x1b[K:\n'}
[17.970945] (rplidar_ros) StderrLine: {'line': b'\x1b[01m\x1b[K/home/ltr/aizee/jetson_ws/src/rplidar_ros/sdk/src/dataunpacker/dataunpacker.h:\x1b[m\x1b[K In member function \xe2\x80\x98\x1b[01m\x1b[Kvirtual void sl::internal::LIDARSampleDataListener::onCustomSampleDataDecoded(_u8, _u32, const void*, size_t)\x1b[m\x1b[K\xe2\x80\x99:\n'}
[17.971255] (rplidar_ros) StderrLine: {'line': b'\x1b[01m\x1b[K/home/ltr/aizee/jetson_ws/src/rplidar_ros/sdk/src/dataunpacker/dataunpacker.h:54:52:\x1b[m\x1b[K \x1b[01;35m\x1b[Kwarning: \x1b[m\x1b[Kunused parameter \xe2\x80\x98\x1b[01m\x1b[KansType\x1b[m\x1b[K\xe2\x80\x99 [\x1b[01;35m\x1b[K\x1b]8;;https://gcc.gnu.org/onlinedocs/gcc/Warning-Options.html#index-Wunused-parameter\x07-Wunused-parameter\x1b]8;;\x07\x1b[m\x1b[K]\n'}
[17.971442] (rplidar_ros) StderrLine: {'line': b'   54 |         virtual void onCustomSampleDataDecoded(\x1b[01;35m\x1b[K_u8 ansType\x1b[m\x1b[K, _u32 customCode, const void* data, size_t size) {}\n'}
[17.971598] (rplidar_ros) StderrLine: {'line': b'      |                                                \x1b[01;35m\x1b[K~~~~^~~~~~~\x1b[m\x1b[K\n'}
[17.971735] (rplidar_ros) StderrLine: {'line': b'\x1b[01m\x1b[K/home/ltr/aizee/jetson_ws/src/rplidar_ros/sdk/src/dataunpacker/dataunpacker.h:54:66:\x1b[m\x1b[K \x1b[01;35m\x1b[Kwarning: \x1b[m\x1b[Kunused parameter \xe2\x80\x98\x1b[01m\x1b[KcustomCode\x1b[m\x1b[K\xe2\x80\x99 [\x1b[01;35m\x1b[K\x1b]8;;https://gcc.gnu.org/onlinedocs/gcc/Warning-Options.html#index-Wunused-parameter\x07-Wunused-parameter\x1b]8;;\x07\x1b[m\x1b[K]\n'}
[17.971904] (rplidar_ros) StderrLine: {'line': b'   54 |   virtual void onCustomSampleDataDecoded(_u8 ansType, \x1b[01;35m\x1b[K_u32 customCode\x1b[m\x1b[K, const void* data, size_t size) {}\n'}
[17.972054] (rplidar_ros) StderrLine: {'line': b'      |                                                       \x1b[01;35m\x1b[K~~~~~^~~~~~~~~~\x1b[m\x1b[K\n'}
[17.972180] (rplidar_ros) StderrLine: {'line': b'\n'}
[17.972304] (rplidar_ros) StderrLine: {'line': b'\x1b[01m\x1b[K/home/ltr/aizee/jetson_ws/src/rplidar_ros/sdk/src/dataunpacker/dataunpacker.h:54:90:\x1b[m\x1b[K \x1b[01;35m\x1b[Kwarning: \x1b[m\x1b[Kunused parameter \xe2\x80\x98\x1b[01m\x1b[Kdata\x1b[m\x1b[K\xe2\x80\x99 [\x1b[01;35m\x1b[K\x1b]8;;https://gcc.gnu.org/onlinedocs/gcc/Warning-Options.html#index-Wunused-parameter\x07-Wunused-parameter\x1b]8;;\x07\x1b[m\x1b[K]\n'}
[17.972431] (rplidar_ros) StderrLine: {'line': b'   54 | ampleDataDecoded(_u8 ansType, _u32 customCode, \x1b[01;35m\x1b[Kconst void* data\x1b[m\x1b[K, size_t size) {}\n'}
[17.972551] (rplidar_ros) StderrLine: {'line': b'      |                                                \x1b[01;35m\x1b[K~~~~~~~~~~~~^~~~\x1b[m\x1b[K\n'}
[17.972669] (rplidar_ros) StderrLine: {'line': b'\n'}
[17.972784] (rplidar_ros) StderrLine: {'line': b'\x1b[01m\x1b[K/home/ltr/aizee/jetson_ws/src/rplidar_ros/sdk/src/dataunpacker/dataunpacker.h:54:103:\x1b[m\x1b[K \x1b[01;35m\x1b[Kwarning: \x1b[m\x1b[Kunused parameter \xe2\x80\x98\x1b[01m\x1b[Ksize\x1b[m\x1b[K\xe2\x80\x99 [\x1b[01;35m\x1b[K\x1b]8;;https://gcc.gnu.org/onlinedocs/gcc/Warning-Options.html#index-Wunused-parameter\x07-Wunused-parameter\x1b]8;;\x07\x1b[m\x1b[K]\n'}
[17.972951] (rplidar_ros) StderrLine: {'line': b'   54 | ecoded(_u8 ansType, _u32 customCode, const void* data, \x1b[01;35m\x1b[Ksize_t size\x1b[m\x1b[K) {}\n'}
[17.973077] (rplidar_ros) StderrLine: {'line': b'      |                                                        \x1b[01;35m\x1b[K~~~~~~~^~~~\x1b[m\x1b[K\n'}
[17.973198] (rplidar_ros) StderrLine: {'line': b'\n'}
[17.973317] (rplidar_ros) StderrLine: {'line': b'\x1b[01m\x1b[K/home/ltr/aizee/jetson_ws/src/rplidar_ros/sdk/src/dataunpacker/dataunpacker.h:\x1b[m\x1b[K In member function \xe2\x80\x98\x1b[01m\x1b[Kvirtual void sl::internal::LIDARSampleDataListener::onDecodingError(int, _u8, const void*, size_t)\x1b[m\x1b[K\xe2\x80\x99:\n'}
[17.973446] (rplidar_ros) StderrLine: {'line': b'\x1b[01m\x1b[K/home/ltr/aizee/jetson_ws/src/rplidar_ros/sdk/src/dataunpacker/dataunpacker.h:56:42:\x1b[m\x1b[K \x1b[01;35m\x1b[Kwarning: \x1b[m\x1b[Kunused parameter \xe2\x80\x98\x1b[01m\x1b[KerrMsg\x1b[m\x1b[K\xe2\x80\x99 [\x1b[01;35m\x1b[K\x1b]8;;https://gcc.gnu.org/onlinedocs/gcc/Warning-Options.html#index-Wunused-parameter\x07-Wunused-parameter\x1b]8;;\x07\x1b[m\x1b[K]\n'}
[17.973590] (rplidar_ros) StderrLine: {'line': b'   56 |         virtual void onDecodingError(\x1b[01;35m\x1b[Kint errMsg\x1b[m\x1b[K, _u8 ansType, const void* payload, size_t size) {}\n'}
[17.973720] (rplidar_ros) StderrLine: {'line': b'      |                                      \x1b[01;35m\x1b[K~~~~^~~~~~\x1b[m\x1b[K\n'}
[17.973845] (rplidar_ros) StderrLine: {'line': b'\x1b[01m\x1b[K/home/ltr/aizee/jetson_ws/src/rplidar_ros/sdk/src/dataunpacker/dataunpacker.h:56:54:\x1b[m\x1b[K \x1b[01;35m\x1b[Kwarning: \x1b[m\x1b[Kunused parameter \xe2\x80\x98\x1b[01m\x1b[KansType\x1b[m\x1b[K\xe2\x80\x99 [\x1b[01;35m\x1b[K\x1b]8;;https://gcc.gnu.org/onlinedocs/gcc/Warning-Options.html#index-Wunused-parameter\x07-Wunused-parameter\x1b]8;;\x07\x1b[m\x1b[K]\n'}
[17.973973] (rplidar_ros) StderrLine: {'line': b'   56 |         virtual void onDecodingError(int errMsg, \x1b[01;35m\x1b[K_u8 ansType\x1b[m\x1b[K, const void* payload, size_t size) {}\n'}
[17.974091] (rplidar_ros) StderrLine: {'line': b'      |                                                  \x1b[01;35m\x1b[K~~~~^~~~~~~\x1b[m\x1b[K\n'}
[17.974237] (rplidar_ros) StderrLine: {'line': b'\x1b[01m\x1b[K/home/ltr/aizee/jetson_ws/src/rplidar_ros/sdk/src/dataunpacker/dataunpacker.h:56:75:\x1b[m\x1b[K \x1b[01;35m\x1b[Kwarning: \x1b[m\x1b[Kunused parameter \xe2\x80\x98\x1b[01m\x1b[Kpayload\x1b[m\x1b[K\xe2\x80\x99 [\x1b[01;35m\x1b[K\x1b]8;;https://gcc.gnu.org/onlinedocs/gcc/Warning-Options.html#index-Wunused-parameter\x07-Wunused-parameter\x1b]8;;\x07\x1b[m\x1b[K]\n'}
[17.974364] (rplidar_ros) StderrLine: {'line': b'   56 |  void onDecodingError(int errMsg, _u8 ansType, \x1b[01;35m\x1b[Kconst void* payload\x1b[m\x1b[K, size_t size) {}\n'}
[17.974488] (rplidar_ros) StderrLine: {'line': b'      |                                                \x1b[01;35m\x1b[K~~~~~~~~~~~~^~~~~~~\x1b[m\x1b[K\n'}
[17.974607] (rplidar_ros) StderrLine: {'line': b'\n'}
[17.974726] (rplidar_ros) StderrLine: {'line': b'\x1b[01m\x1b[K/home/ltr/aizee/jetson_ws/src/rplidar_ros/sdk/src/dataunpacker/dataunpacker.h:56:91:\x1b[m\x1b[K \x1b[01;35m\x1b[Kwarning: \x1b[m\x1b[Kunused parameter \xe2\x80\x98\x1b[01m\x1b[Ksize\x1b[m\x1b[K\xe2\x80\x99 [\x1b[01;35m\x1b[K\x1b]8;;https://gcc.gnu.org/onlinedocs/gcc/Warning-Options.html#index-Wunused-parameter\x07-Wunused-parameter\x1b]8;;\x07\x1b[m\x1b[K]\n'}
[17.974853] (rplidar_ros) StderrLine: {'line': b'   56 | ingError(int errMsg, _u8 ansType, const void* payload, \x1b[01;35m\x1b[Ksize_t size\x1b[m\x1b[K) {}\n'}
[17.974991] (rplidar_ros) StderrLine: {'line': b'      |                                                        \x1b[01;35m\x1b[K~~~~~~~^~~~\x1b[m\x1b[K\n'}
[17.975114] (rplidar_ros) StderrLine: {'line': b'\n'}
[17.996346] (-) TimerEvent: {}
[17.999403] (rplidar_ros) StderrLine: {'line': b'In file included from \x1b[01m\x1b[K/home/ltr/aizee/jetson_ws/src/rplidar_ros/sdk/src/sl_lidar_driver.cpp:51\x1b[m\x1b[K:\n'}
[18.000242] (rplidar_ros) StderrLine: {'line': b'\x1b[01m\x1b[K/home/ltr/aizee/jetson_ws/src/rplidar_ros/sdk/src/sl_async_transceiver.h:\x1b[m\x1b[K In member function \xe2\x80\x98\x1b[01m\x1b[Kvirtual void sl::internal::IAsyncProtocolCodec::onChannelError(u_result)\x1b[m\x1b[K\xe2\x80\x99:\n'}
[18.000477] (rplidar_ros) StderrLine: {'line': b'\x1b[01m\x1b[K/home/ltr/aizee/jetson_ws/src/rplidar_ros/sdk/src/sl_async_transceiver.h:90:48:\x1b[m\x1b[K \x1b[01;35m\x1b[Kwarning: \x1b[m\x1b[Kunused parameter \xe2\x80\x98\x1b[01m\x1b[KerrCode\x1b[m\x1b[K\xe2\x80\x99 [\x1b[01;35m\x1b[K\x1b]8;;https://gcc.gnu.org/onlinedocs/gcc/Warning-Options.html#index-Wunused-parameter\x07-Wunused-parameter\x1b]8;;\x07\x1b[m\x1b[K]\n'}
[18.000647] (rplidar_ros) StderrLine: {'line': b'   90 |         virtual void   onChannelError(\x1b[01;35m\x1b[Ku_result errCode\x1b[m\x1b[K) {}\n'}
[18.000792] (rplidar_ros) StderrLine: {'line': b'      |                                       \x1b[01;35m\x1b[K~~~~~~~~~^~~~~~~\x1b[m\x1b[K\n'}
[18.078292] (rplidar_ros) StderrLine: {'line': b'\x1b[01m\x1b[K/home/ltr/aizee/jetson_ws/src/rplidar_ros/sdk/src/sl_lidar_driver.cpp:\x1b[m\x1b[K In member function \xe2\x80\x98\x1b[01m\x1b[Kvirtual sl_result sl::SlamtecLidarDriver::reset(sl_u32)\x1b[m\x1b[K\xe2\x80\x99:\n'}
[18.079329] (rplidar_ros) StderrLine: {'line': b'\x1b[01m\x1b[K/home/ltr/aizee/jetson_ws/src/rplidar_ros/sdk/src/sl_lidar_driver.cpp:511:32:\x1b[m\x1b[K \x1b[01;35m\x1b[Kwarning: \x1b[m\x1b[Kunused parameter \xe2\x80\x98\x1b[01m\x1b[KtimeoutInMs\x1b[m\x1b[K\xe2\x80\x99 [\x1b[01;35m\x1b[K\x1b]8;;https://gcc.gnu.org/onlinedocs/gcc/Warning-Options.html#index-Wunused-parameter\x07-Wunused-parameter\x1b]8;;\x07\x1b[m\x1b[K]\n'}
[18.079557] (rplidar_ros) StderrLine: {'line': b'  511 |         sl_result reset(\x1b[01;35m\x1b[Ksl_u32 timeoutInMs = DEFAULT_TIMEOUT\x1b[m\x1b[K)\n'}
[18.079710] (rplidar_ros) StderrLine: {'line': b'      |                         \x1b[01;35m\x1b[K~~~~~~~^~~~~~~~~~~~~~~~~~~~~~~~~~~~~\x1b[m\x1b[K\n'}
[18.091526] (rplidar_ros) StderrLine: {'line': b'\x1b[01m\x1b[K/home/ltr/aizee/jetson_ws/src/rplidar_ros/sdk/src/sl_lidar_driver.cpp:\x1b[m\x1b[K In member function \xe2\x80\x98\x1b[01m\x1b[Kvirtual sl_result sl::SlamtecLidarDriver::startScan(bool, bool, sl_u32, sl::LidarScanMode*)\x1b[m\x1b[K\xe2\x80\x99:\n'}
[18.092575] (rplidar_ros) StderrLine: {'line': b'\x1b[01m\x1b[K/home/ltr/aizee/jetson_ws/src/rplidar_ros/sdk/src/sl_lidar_driver.cpp:586:69:\x1b[m\x1b[K \x1b[01;35m\x1b[Kwarning: \x1b[m\x1b[Kunused parameter \xe2\x80\x98\x1b[01m\x1b[Koptions\x1b[m\x1b[K\xe2\x80\x99 [\x1b[01;35m\x1b[K\x1b]8;;https://gcc.gnu.org/onlinedocs/gcc/Warning-Options.html#index-Wunused-parameter\x07-Wunused-parameter\x1b]8;;\x07\x1b[m\x1b[K]\n'}
[18.092797] (rplidar_ros) StderrLine: {'line': b'  586 | l_result startScan(bool force, bool useTypicalScan, \x1b[01;35m\x1b[Ksl_u32 options = 0\x1b[m\x1b[K, LidarScanMode* outUsedScanMode = nullptr)\n'}
[18.093001] (rplidar_ros) StderrLine: {'line': b'      |                                                     \x1b[01;35m\x1b[K~~~~~~~^~~~~~~~~~~\x1b[m\x1b[K\n'}
[18.093168] (rplidar_ros) StderrLine: {'line': b'\n'}
[18.096534] (-) TimerEvent: {}
[18.100372] (rplidar_ros) StderrLine: {'line': b'\x1b[01m\x1b[K/home/ltr/aizee/jetson_ws/src/rplidar_ros/sdk/src/sl_lidar_driver.cpp:\x1b[m\x1b[K In member function \xe2\x80\x98\x1b[01m\x1b[Kvirtual sl_result sl::SlamtecLidarDriver::stop(sl_u32)\x1b[m\x1b[K\xe2\x80\x99:\n'}
[18.101089] (rplidar_ros) StderrLine: {'line': b'\x1b[01m\x1b[K/home/ltr/aizee/jetson_ws/src/rplidar_ros/sdk/src/sl_lidar_driver.cpp:763:31:\x1b[m\x1b[K \x1b[01;35m\x1b[Kwarning: \x1b[m\x1b[Kunused parameter \xe2\x80\x98\x1b[01m\x1b[Ktimeout\x1b[m\x1b[K\xe2\x80\x99 [\x1b[01;35m\x1b[K\x1b]8;;https://gcc.gnu.org/onlinedocs/gcc/Warning-Options.html#index-Wunused-parameter\x07-Wunused-parameter\x1b]8;;\x07\x1b[m\x1b[K]\n'}
[18.101279] (rplidar_ros) StderrLine: {'line': b'  763 |         sl_result stop(\x1b[01;35m\x1b[Ksl_u32 timeout = DEFAULT_TIMEOUT\x1b[m\x1b[K)\n'}
[18.101431] (rplidar_ros) StderrLine: {'line': b'      |                        \x1b[01;35m\x1b[K~~~~~~~^~~~~~~~~~~~~~~~~~~~~~~~~\x1b[m\x1b[K\n'}
[18.107288] (rplidar_ros) StderrLine: {'line': b'\x1b[01m\x1b[K/home/ltr/aizee/jetson_ws/src/rplidar_ros/sdk/src/sl_lidar_driver.cpp:\x1b[m\x1b[K In member function \xe2\x80\x98\x1b[01m\x1b[Kvirtual sl_result sl::SlamtecLidarDriver::getFrequency(const sl::LidarScanMode&, const sl_lidar_response_measurement_node_hq_t*, size_t, float&)\x1b[m\x1b[K\xe2\x80\x99:\n'}
[18.107942] (rplidar_ros) StderrLine: {'line': b'\x1b[01m\x1b[K/home/ltr/aizee/jetson_ws/src/rplidar_ros/sdk/src/sl_lidar_driver.cpp:880:110:\x1b[m\x1b[K \x1b[01;35m\x1b[Kwarning: \x1b[m\x1b[Kunused parameter \xe2\x80\x98\x1b[01m\x1b[Knodes\x1b[m\x1b[K\xe2\x80\x99 [\x1b[01;35m\x1b[K\x1b]8;;https://gcc.gnu.org/onlinedocs/gcc/Warning-Options.html#index-Wunused-parameter\x07-Wunused-parameter\x1b]8;;\x07\x1b[m\x1b[K]\n'}
[18.108138] (rplidar_ros) StderrLine: {'line': b'  880 | & scanMode, \x1b[01;35m\x1b[Kconst sl_lidar_response_measurement_node_hq_t* nodes\x1b[m\x1b[K, size_t count, float& frequency)\n'}
[18.108292] (rplidar_ros) StderrLine: {'line': b'      |             \x1b[01;35m\x1b[K~~~~~~~~~~~~~~~~~~~~~~~~~~~~~~~~~~~~~~~~~~~~~~~^~~~~\x1b[m\x1b[K\n'}
[18.108434] (rplidar_ros) StderrLine: {'line': b'\n'}
[18.115589] (rplidar_ros) StderrLine: {'line': b'\x1b[01m\x1b[K/home/ltr/aizee/jetson_ws/src/rplidar_ros/sdk/src/sl_lidar_driver.cpp:\x1b[m\x1b[K In member function \xe2\x80\x98\x1b[01m\x1b[Kvirtual sl_result sl::SlamtecLidarDriver::getMotorInfo(sl::LidarMotorInfo&, sl_u32)\x1b[m\x1b[K\xe2\x80\x99:\n'}
[18.116366] (rplidar_ros) StderrLine: {'line': b'\x1b[01m\x1b[K/home/ltr/aizee/jetson_ws/src/rplidar_ros/sdk/src/sl_lidar_driver.cpp:1023:66:\x1b[m\x1b[K \x1b[01;35m\x1b[Kwarning: \x1b[m\x1b[Kunused parameter \xe2\x80\x98\x1b[01m\x1b[KtimeoutInMs\x1b[m\x1b[K\xe2\x80\x99 [\x1b[01;35m\x1b[K\x1b]8;;https://gcc.gnu.org/onlinedocs/gcc/Warning-Options.html#index-Wunused-parameter\x07-Wunused-parameter\x1b]8;;\x07\x1b[m\x1b[K]\n'}
[18.116605] (rplidar_ros) StderrLine: {'line': b' 1023 |   sl_result getMotorInfo(LidarMotorInfo &motorInfo, \x1b[01;35m\x1b[Ksl_u32 timeoutInMs\x1b[m\x1b[K)\n'}
[18.116760] (rplidar_ros) StderrLine: {'line': b'      |                                                     \x1b[01;35m\x1b[K~~~~~~~^~~~~~~~~~~\x1b[m\x1b[K\n'}
[18.116962] (rplidar_ros) StderrLine: {'line': b'\n'}
[18.120161] (rplidar_ros) StderrLine: {'line': b'\x1b[01m\x1b[K/home/ltr/aizee/jetson_ws/src/rplidar_ros/sdk/src/sl_lidar_driver.cpp:\x1b[m\x1b[K In member function \xe2\x80\x98\x1b[01m\x1b[Ku_result sl::SlamtecLidarDriver::getScanModeCount(sl_u16&, sl_u32)\x1b[m\x1b[K\xe2\x80\x99:\n'}
[18.120677] (rplidar_ros) StderrLine: {'line': b'\x1b[01m\x1b[K/home/ltr/aizee/jetson_ws/src/rplidar_ros/sdk/src/sl_lidar_driver.cpp:1199:61:\x1b[m\x1b[K \x1b[01;35m\x1b[Kwarning: \x1b[m\x1b[Kunused parameter \xe2\x80\x98\x1b[01m\x1b[KtimeoutInMs\x1b[m\x1b[K\xe2\x80\x99 [\x1b[01;35m\x1b[K\x1b]8;;https://gcc.gnu.org/onlinedocs/gcc/Warning-Options.html#index-Wunused-parameter\x07-Wunused-parameter\x1b]8;;\x07\x1b[m\x1b[K]\n'}
[18.120880] (rplidar_ros) StderrLine: {'line': b' 1199 |        u_result getScanModeCount(sl_u16& modeCount, \x1b[01;35m\x1b[Ksl_u32 timeoutInMs = DEFAULT_TIMEOUT\x1b[m\x1b[K)\n'}
[18.121091] (rplidar_ros) StderrLine: {'line': b'      |                                                     \x1b[01;35m\x1b[K~~~~~~~^~~~~~~~~~~~~~~~~~~~~~~~~~~~~\x1b[m\x1b[K\n'}
[18.121232] (rplidar_ros) StderrLine: {'line': b'\n'}
[18.196959] (-) TimerEvent: {}
[18.261658] (rplidar_ros) StderrLine: {'line': b'/home/ltr/aizee/jetson_ws/src/rplidar_ros/sdk/src/sl_lidar_driver.cpp: In instantiation of \xe2\x80\x98\x1b[01m\x1b[Kvoid sl::RawSampleNodeHolder<T>::pushNode(_u64, const T*) [with T = sl_lidar_response_measurement_node_hq_t; _u64 = long unsigned int]\x1b[m\x1b[K\xe2\x80\x99:\n'}
[18.262882] (rplidar_ros) StderrLine: {'line': b'\x1b[01m\x1b[K/home/ltr/aizee/jetson_ws/src/rplidar_ros/sdk/src/sl_lidar_driver.cpp:1648:42:\x1b[m\x1b[K   required from here\n'}
[18.263190] (rplidar_ros) StderrLine: {'line': b'\x1b[01m\x1b[K/home/ltr/aizee/jetson_ws/src/rplidar_ros/sdk/src/sl_lidar_driver.cpp:202:28:\x1b[m\x1b[K \x1b[01;35m\x1b[Kwarning: \x1b[m\x1b[Kunused parameter \xe2\x80\x98\x1b[01m\x1b[Ktimestamp_uS\x1b[m\x1b[K\xe2\x80\x99 [\x1b[01;35m\x1b[K\x1b]8;;https://gcc.gnu.org/onlinedocs/gcc/Warning-Options.html#index-Wunused-parameter\x07-Wunused-parameter\x1b]8;;\x07\x1b[m\x1b[K]\n'}
[18.263378] (rplidar_ros) StderrLine: {'line': b'  202 |         void pushNode(\x1b[01;35m\x1b[K_u64 timestamp_uS\x1b[m\x1b[K, const T* node)\n'}
[18.263534] (rplidar_ros) StderrLine: {'line': b'      |                       \x1b[01;35m\x1b[K~~~~~^~~~~~~~~~~~\x1b[m\x1b[K\n'}
[18.270436] (rplidar_ros) StderrLine: {'line': b'In file included from \x1b[01m\x1b[K/home/ltr/aizee/jetson_ws/src/rplidar_ros/sdk/src/sl_lidarprotocol_codec.cpp:49\x1b[m\x1b[K:\n'}
[18.271369] (rplidar_ros) StderrLine: {'line': b'\x1b[01m\x1b[K/home/ltr/aizee/jetson_ws/src/rplidar_ros/sdk/src/sl_async_transceiver.h:\x1b[m\x1b[K In member function \xe2\x80\x98\x1b[01m\x1b[Kvirtual void sl::internal::IAsyncProtocolCodec::onChannelError(u_result)\x1b[m\x1b[K\xe2\x80\x99:\n'}
[18.271871] (rplidar_ros) StderrLine: {'line': b'\x1b[01m\x1b[K/home/ltr/aizee/jetson_ws/src/rplidar_ros/sdk/src/sl_async_transceiver.h:90:48:\x1b[m\x1b[K \x1b[01;35m\x1b[Kwarning: \x1b[m\x1b[Kunused parameter \xe2\x80\x98\x1b[01m\x1b[KerrCode\x1b[m\x1b[K\xe2\x80\x99 [\x1b[01;35m\x1b[K\x1b]8;;https://gcc.gnu.org/onlinedocs/gcc/Warning-Options.html#index-Wunused-parameter\x07-Wunused-parameter\x1b]8;;\x07\x1b[m\x1b[K]\n'}
[18.272217] (rplidar_ros) StderrLine: {'line': b'   90 |         virtual void   onChannelError(\x1b[01;35m\x1b[Ku_result errCode\x1b[m\x1b[K) {}\n'}
[18.272514] (rplidar_ros) StderrLine: {'line': b'      |                                       \x1b[01;35m\x1b[K~~~~~~~~~^~~~~~~\x1b[m\x1b[K\n'}
[18.297214] (-) TimerEvent: {}
[18.398278] (-) TimerEvent: {}
[18.499405] (-) TimerEvent: {}
[18.505715] (rplidar_ros) StderrLine: {'line': b'In file included from \x1b[01m\x1b[K/home/ltr/aizee/jetson_ws/src/rplidar_ros/sdk/include/sl_lidar_cmd.h:41\x1b[m\x1b[K,\n'}
[18.506413] (rplidar_ros) StderrLine: {'line': b'                 from \x1b[01m\x1b[K/home/ltr/aizee/jetson_ws/src/rplidar_ros/sdk/include/sl_lidar_driver.h:54\x1b[m\x1b[K,\n'}
[18.506647] (rplidar_ros) StderrLine: {'line': b'                 from \x1b[01m\x1b[K/home/ltr/aizee/jetson_ws/src/rplidar_ros/sdk/src/sl_tcp_channel.cpp:33\x1b[m\x1b[K:\n'}
[18.506890] (rplidar_ros) StderrLine: {'line': b'\x1b[01m\x1b[K/home/ltr/aizee/jetson_ws/src/rplidar_ros/sdk/include/sl_lidar_protocol.h:66:16:\x1b[m\x1b[K \x1b[01;35m\x1b[Kwarning: \x1b[m\x1b[KISO C++ forbids zero-size array \xe2\x80\x98\x1b[01m\x1b[Kdata\x1b[m\x1b[K\xe2\x80\x99 [\x1b[01;35m\x1b[K\x1b]8;;https://gcc.gnu.org/onlinedocs/gcc/Warning-Options.html#index-Wpedantic\x07-Wpedantic\x1b]8;;\x07\x1b[m\x1b[K]\n'}
[18.507060] (rplidar_ros) StderrLine: {'line': b'   66 |     sl_u8 data[\x1b[01;35m\x1b[K0\x1b[m\x1b[K];\n'}
[18.507198] (rplidar_ros) StderrLine: {'line': b'      |                \x1b[01;35m\x1b[K^\x1b[m\x1b[K\n'}
[18.507480] (rplidar_ros) StderrLine: {'line': b'In file included from \x1b[01m\x1b[K/home/ltr/aizee/jetson_ws/src/rplidar_ros/sdk/include/sl_lidar_driver.h:54\x1b[m\x1b[K,\n'}
[18.507639] (rplidar_ros) StderrLine: {'line': b'                 from \x1b[01m\x1b[K/home/ltr/aizee/jetson_ws/src/rplidar_ros/sdk/src/sl_tcp_channel.cpp:33\x1b[m\x1b[K:\n'}
[18.507772] (rplidar_ros) StderrLine: {'line': b'\x1b[01m\x1b[K/home/ltr/aizee/jetson_ws/src/rplidar_ros/sdk/include/sl_lidar_cmd.h:324:20:\x1b[m\x1b[K \x1b[01;35m\x1b[Kwarning: \x1b[m\x1b[KISO C++ forbids zero-size array \xe2\x80\x98\x1b[01m\x1b[Kpayload\x1b[m\x1b[K\xe2\x80\x99 [\x1b[01;35m\x1b[K\x1b]8;;https://gcc.gnu.org/onlinedocs/gcc/Warning-Options.html#index-Wpedantic\x07-Wpedantic\x1b]8;;\x07\x1b[m\x1b[K]\n'}
[18.507908] (rplidar_ros) StderrLine: {'line': b'  324 |     sl_u8  payload[\x1b[01;35m\x1b[K0\x1b[m\x1b[K];\n'}
[18.508035] (rplidar_ros) StderrLine: {'line': b'      |                    \x1b[01;35m\x1b[K^\x1b[m\x1b[K\n'}
[18.520648] (rplidar_ros) StderrLine: {'line': b'\x1b[01m\x1b[K/home/ltr/aizee/jetson_ws/src/rplidar_ros/sdk/src/sl_tcp_channel.cpp:\x1b[m\x1b[K In member function \xe2\x80\x98\x1b[01m\x1b[Kvoid sl::TcpChannel::setStatus(_u32)\x1b[m\x1b[K\xe2\x80\x99:\n'}
[18.521443] (rplidar_ros) StderrLine: {'line': b'\x1b[01m\x1b[K/home/ltr/aizee/jetson_ws/src/rplidar_ros/sdk/src/sl_tcp_channel.cpp:109:29:\x1b[m\x1b[K \x1b[01;35m\x1b[Kwarning: \x1b[m\x1b[Kunused parameter \xe2\x80\x98\x1b[01m\x1b[Kflag\x1b[m\x1b[K\xe2\x80\x99 [\x1b[01;35m\x1b[K\x1b]8;;https://gcc.gnu.org/onlinedocs/gcc/Warning-Options.html#index-Wunused-parameter\x07-Wunused-parameter\x1b]8;;\x07\x1b[m\x1b[K]\n'}
[18.521634] (rplidar_ros) StderrLine: {'line': b'  109 |         void setStatus(\x1b[01;35m\x1b[K_u32 flag\x1b[m\x1b[K){}\n'}
[18.521785] (rplidar_ros) StderrLine: {'line': b'      |                        \x1b[01;35m\x1b[K~~~~~^~~~\x1b[m\x1b[K\n'}
[18.578691] (rplidar_ros) StdoutLine: {'line': b'[ 92%] \x1b[32mBuilding CXX object CMakeFiles/rplidar_composition.dir/sdk/src/sl_udp_channel.cpp.o\x1b[0m\n'}
[18.599782] (-) TimerEvent: {}
[18.697236] (rplidar_ros) StderrLine: {'line': b'\x1b[01m\x1b[K/home/ltr/aizee/jetson_ws/src/rplidar_ros/sdk/src/sl_lidar_driver.cpp:\x1b[m\x1b[K At global scope:\n'}
[18.698079] (rplidar_ros) StderrLine: {'line': b'\x1b[01m\x1b[K/home/ltr/aizee/jetson_ws/src/rplidar_ros/sdk/src/sl_lidar_driver.cpp:83:17:\x1b[m\x1b[K \x1b[01;35m\x1b[Kwarning: \x1b[m\x1b[K\xe2\x80\x98\x1b[01m\x1b[Kvoid sl::convert(const sl_lidar_response_measurement_node_hq_t&, sl_lidar_response_measurement_node_t&)\x1b[m\x1b[K\xe2\x80\x99 defined but not used [\x1b[01;35m\x1b[K\x1b]8;;https://gcc.gnu.org/onlinedocs/gcc/Warning-Options.html#index-Wunused-function\x07-Wunused-function\x1b]8;;\x07\x1b[m\x1b[K]\n'}
[18.698428] (rplidar_ros) StderrLine: {'line': b'   83 |     static void \x1b[01;35m\x1b[Kconvert\x1b[m\x1b[K(const sl_lidar_response_measurement_node_hq_t& from, sl_lidar_response_measurement_node_t& to)\n'}
[18.698628] (rplidar_ros) StderrLine: {'line': b'      |                 \x1b[01;35m\x1b[K^~~~~~~\x1b[m\x1b[K\n'}
[18.698785] (rplidar_ros) StderrLine: {'line': b'\x1b[01m\x1b[K/home/ltr/aizee/jetson_ws/src/rplidar_ros/sdk/src/sl_lidar_driver.cpp:75:17:\x1b[m\x1b[K \x1b[01;35m\x1b[Kwarning: \x1b[m\x1b[K\xe2\x80\x98\x1b[01m\x1b[Kvoid sl::convert(const sl_lidar_response_measurement_node_t&, sl_lidar_response_measurement_node_hq_t&)\x1b[m\x1b[K\xe2\x80\x99 defined but not used [\x1b[01;35m\x1b[K\x1b]8;;https://gcc.gnu.org/onlinedocs/gcc/Warning-Options.html#index-Wunused-function\x07-Wunused-function\x1b]8;;\x07\x1b[m\x1b[K]\n'}
[18.698963] (rplidar_ros) StderrLine: {'line': b'   75 |     static void \x1b[01;35m\x1b[Kconvert\x1b[m\x1b[K(const sl_lidar_response_measurement_node_t& from, sl_lidar_response_measurement_node_hq_t& to)\n'}
[18.699091] (rplidar_ros) StderrLine: {'line': b'      |                 \x1b[01;35m\x1b[K^~~~~~~\x1b[m\x1b[K\n'}
[18.699231] (rplidar_ros) StderrLine: {'line': b'\x1b[01m\x1b[K/home/ltr/aizee/jetson_ws/src/rplidar_ros/sdk/src/sl_lidar_driver.cpp:70:17:\x1b[m\x1b[K \x1b[01;35m\x1b[Kwarning: \x1b[m\x1b[K\xe2\x80\x98\x1b[01m\x1b[Kvoid sl::printDeprecationWarn(const char*, const char*)\x1b[m\x1b[K\xe2\x80\x99 defined but not used [\x1b[01;35m\x1b[K\x1b]8;;https://gcc.gnu.org/onlinedocs/gcc/Warning-Options.html#index-Wunused-function\x07-Wunused-function\x1b]8;;\x07\x1b[m\x1b[K]\n'}
[18.699379] (rplidar_ros) StderrLine: {'line': b'   70 |     static void \x1b[01;35m\x1b[KprintDeprecationWarn\x1b[m\x1b[K(const char* fn, const char* replacement)\n'}
[18.699507] (rplidar_ros) StderrLine: {'line': b'      |                 \x1b[01;35m\x1b[K^~~~~~~~~~~~~~~~~~~~\x1b[m\x1b[K\n'}
[18.699839] (-) TimerEvent: {}
[18.802771] (-) TimerEvent: {}
[18.905848] (-) TimerEvent: {}
[19.008786] (-) TimerEvent: {}
[19.111539] (-) TimerEvent: {}
[19.213503] (-) TimerEvent: {}
[19.216338] (rplidar_ros) StderrLine: {'line': b'In file included from \x1b[01m\x1b[K/home/ltr/aizee/jetson_ws/src/rplidar_ros/sdk/include/sl_lidar_cmd.h:41\x1b[m\x1b[K,\n'}
[19.217238] (rplidar_ros) StderrLine: {'line': b'                 from \x1b[01m\x1b[K/home/ltr/aizee/jetson_ws/src/rplidar_ros/sdk/include/sl_lidar_driver.h:54\x1b[m\x1b[K,\n'}
[19.217837] (rplidar_ros) StderrLine: {'line': b'                 from \x1b[01m\x1b[K/home/ltr/aizee/jetson_ws/src/rplidar_ros/sdk/src/sl_udp_channel.cpp:33\x1b[m\x1b[K:\n'}
[19.218009] (rplidar_ros) StderrLine: {'line': b'\x1b[01m\x1b[K/home/ltr/aizee/jetson_ws/src/rplidar_ros/sdk/include/sl_lidar_protocol.h:66:16:\x1b[m\x1b[K \x1b[01;35m\x1b[Kwarning: \x1b[m\x1b[KISO C++ forbids zero-size array \xe2\x80\x98\x1b[01m\x1b[Kdata\x1b[m\x1b[K\xe2\x80\x99 [\x1b[01;35m\x1b[K\x1b]8;;https://gcc.gnu.org/onlinedocs/gcc/Warning-Options.html#index-Wpedantic\x07-Wpedantic\x1b]8;;\x07\x1b[m\x1b[K]\n'}
[19.218168] (rplidar_ros) StderrLine: {'line': b'   66 |     sl_u8 data[\x1b[01;35m\x1b[K0\x1b[m\x1b[K];\n'}
[19.218306] (rplidar_ros) StderrLine: {'line': b'      |                \x1b[01;35m\x1b[K^\x1b[m\x1b[K\n'}
[19.218435] (rplidar_ros) StderrLine: {'line': b'In file included from \x1b[01m\x1b[K/home/ltr/aizee/jetson_ws/src/rplidar_ros/sdk/include/sl_lidar_driver.h:54\x1b[m\x1b[K,\n'}
[19.218564] (rplidar_ros) StderrLine: {'line': b'                 from \x1b[01m\x1b[K/home/ltr/aizee/jetson_ws/src/rplidar_ros/sdk/src/sl_udp_channel.cpp:33\x1b[m\x1b[K:\n'}
[19.218690] (rplidar_ros) StderrLine: {'line': b'\x1b[01m\x1b[K/home/ltr/aizee/jetson_ws/src/rplidar_ros/sdk/include/sl_lidar_cmd.h:324:20:\x1b[m\x1b[K \x1b[01;35m\x1b[Kwarning: \x1b[m\x1b[KISO C++ forbids zero-size array \xe2\x80\x98\x1b[01m\x1b[Kpayload\x1b[m\x1b[K\xe2\x80\x99 [\x1b[01;35m\x1b[K\x1b]8;;https://gcc.gnu.org/onlinedocs/gcc/Warning-Options.html#index-Wpedantic\x07-Wpedantic\x1b]8;;\x07\x1b[m\x1b[K]\n'}
[19.218823] (rplidar_ros) StderrLine: {'line': b'  324 |     sl_u8  payload[\x1b[01;35m\x1b[K0\x1b[m\x1b[K];\n'}
[19.218945] (rplidar_ros) StderrLine: {'line': b'      |                    \x1b[01;35m\x1b[K^\x1b[m\x1b[K\n'}
[19.229745] (rplidar_ros) StderrLine: {'line': b'\x1b[01m\x1b[K/home/ltr/aizee/jetson_ws/src/rplidar_ros/sdk/src/sl_udp_channel.cpp:\x1b[m\x1b[K In member function \xe2\x80\x98\x1b[01m\x1b[Kvoid sl::UdpChannel::setStatus(_u32)\x1b[m\x1b[K\xe2\x80\x99:\n'}
[19.230646] (rplidar_ros) StderrLine: {'line': b'\x1b[01m\x1b[K/home/ltr/aizee/jetson_ws/src/rplidar_ros/sdk/src/sl_udp_channel.cpp:112:29:\x1b[m\x1b[K \x1b[01;35m\x1b[Kwarning: \x1b[m\x1b[Kunused parameter \xe2\x80\x98\x1b[01m\x1b[Kflag\x1b[m\x1b[K\xe2\x80\x99 [\x1b[01;35m\x1b[K\x1b]8;;https://gcc.gnu.org/onlinedocs/gcc/Warning-Options.html#index-Wunused-parameter\x07-Wunused-parameter\x1b]8;;\x07\x1b[m\x1b[K]\n'}
[19.230876] (rplidar_ros) StderrLine: {'line': b'  112 |         void setStatus(\x1b[01;35m\x1b[K_u32 flag\x1b[m\x1b[K){}\n'}
[19.231057] (rplidar_ros) StderrLine: {'line': b'      |                        \x1b[01;35m\x1b[K~~~~~^~~~\x1b[m\x1b[K\n'}
[19.313767] (-) TimerEvent: {}
[19.417054] (-) TimerEvent: {}
[19.519622] (-) TimerEvent: {}
[19.622096] (-) TimerEvent: {}
[19.695043] (rplidar_ros) StdoutLine: {'line': b'[ 94%] \x1b[32m\x1b[1mLinking CXX executable rplidar_composition\x1b[0m\n'}
[19.722380] (-) TimerEvent: {}
[19.725502] (rplidar_ros) StdoutLine: {'line': b'[ 97%] \x1b[32m\x1b[1mLinking CXX executable rplidar_node\x1b[0m\n'}
[19.822644] (-) TimerEvent: {}
[19.923839] (-) TimerEvent: {}
[20.025184] (-) TimerEvent: {}
[20.126407] (-) TimerEvent: {}
[20.227440] (-) TimerEvent: {}
[20.328443] (-) TimerEvent: {}
[20.429683] (-) TimerEvent: {}
[20.530762] (-) TimerEvent: {}
[20.629892] (rplidar_ros) StdoutLine: {'line': b'[ 97%] Built target rplidar_composition\n'}
[20.630869] (-) TimerEvent: {}
[20.654390] (rplidar_ros) StdoutLine: {'line': b'[ 97%] Built target rplidar_node\n'}
[20.731147] (-) TimerEvent: {}
[20.832780] (-) TimerEvent: {}
[20.934172] (-) TimerEvent: {}
[21.035089] (-) TimerEvent: {}
[21.136437] (-) TimerEvent: {}
[21.237808] (-) TimerEvent: {}
[21.339135] (-) TimerEvent: {}
[21.440539] (-) TimerEvent: {}
[21.541887] (-) TimerEvent: {}
[21.642796] (-) TimerEvent: {}
[21.743585] (-) TimerEvent: {}
[21.844315] (-) TimerEvent: {}
[21.945257] (-) TimerEvent: {}
[22.046180] (-) TimerEvent: {}
[22.147135] (-) TimerEvent: {}
[22.248067] (-) TimerEvent: {}
[22.349366] (-) TimerEvent: {}
[22.450301] (-) TimerEvent: {}
[22.551172] (-) TimerEvent: {}
[22.652318] (-) TimerEvent: {}
[22.753653] (-) TimerEvent: {}
[22.854586] (-) TimerEvent: {}
[22.955932] (-) TimerEvent: {}
[23.056885] (-) TimerEvent: {}
[23.158170] (-) TimerEvent: {}
[23.259467] (-) TimerEvent: {}
[23.360773] (-) TimerEvent: {}
[23.461743] (-) TimerEvent: {}
[23.562701] (-) TimerEvent: {}
[23.663964] (-) TimerEvent: {}
[23.764976] (-) TimerEvent: {}
[23.865877] (-) TimerEvent: {}
[23.966789] (-) TimerEvent: {}
[24.067631] (-) TimerEvent: {}
[24.168280] (-) TimerEvent: {}
[24.269479] (-) TimerEvent: {}
[24.370394] (-) TimerEvent: {}
[24.471322] (-) TimerEvent: {}
[24.572292] (-) TimerEvent: {}
[24.673571] (-) TimerEvent: {}
[24.774858] (-) TimerEvent: {}
[24.875732] (-) TimerEvent: {}
[24.977063] (-) TimerEvent: {}
[25.078301] (-) TimerEvent: {}
[25.179618] (-) TimerEvent: {}
[25.280952] (-) TimerEvent: {}
[25.382228] (-) TimerEvent: {}
[25.483509] (-) TimerEvent: {}
[25.584393] (-) TimerEvent: {}
[25.685361] (-) TimerEvent: {}
[25.786194] (-) TimerEvent: {}
[25.887114] (-) TimerEvent: {}
[25.988209] (-) TimerEvent: {}
[26.089702] (-) TimerEvent: {}
[26.190771] (-) TimerEvent: {}
[26.291902] (-) TimerEvent: {}
[26.392973] (-) TimerEvent: {}
[26.493964] (-) TimerEvent: {}
[26.594952] (-) TimerEvent: {}
[26.695562] (-) TimerEvent: {}
[26.796160] (-) TimerEvent: {}
[26.896707] (-) TimerEvent: {}
[26.997293] (-) TimerEvent: {}
[27.097829] (-) TimerEvent: {}
[27.198343] (-) TimerEvent: {}
[27.298853] (-) TimerEvent: {}
[27.399362] (-) TimerEvent: {}
[27.499891] (-) TimerEvent: {}
[27.557492] (rplidar_ros) StdoutLine: {'line': b'[100%] \x1b[32m\x1b[1mLinking CXX executable rplidar_client\x1b[0m\n'}
[27.600034] (-) TimerEvent: {}
[27.700818] (-) TimerEvent: {}
[27.801472] (-) TimerEvent: {}
[27.902422] (-) TimerEvent: {}
[28.002990] (-) TimerEvent: {}
[28.103550] (-) TimerEvent: {}
[28.204067] (-) TimerEvent: {}
[28.304594] (-) TimerEvent: {}
[28.405090] (-) TimerEvent: {}
[28.505421] (-) TimerEvent: {}
[28.605810] (-) TimerEvent: {}
[28.619464] (rplidar_ros) StdoutLine: {'line': b'[100%] Built target rplidar_client\n'}
[28.648104] (rplidar_ros) CommandEnded: {'returncode': 0}
[28.650490] (rplidar_ros) JobProgress: {'identifier': 'rplidar_ros', 'progress': 'install'}
[28.675805] (rplidar_ros) Command: {'cmd': ['/usr/bin/cmake', '--install', '/home/ltr/aizee/jetson_ws/build/rplidar_ros'], 'cwd': '/home/ltr/aizee/jetson_ws/build/rplidar_ros', 'env': OrderedDict([('VIRTUALENVWRAPPER_WORKON_CD', '1'), ('LESSOPEN', '| /usr/bin/lesspipe %s'), ('WORKON_HOME', '/home/ltr/.virtualenvs'), ('JUPYTER_SERVER_ROOT', '/home/ltr'), ('USER', 'ltr'), ('SHLVL', '1'), ('LD_LIBRARY_PATH', '/opt/ros/humble/opt/rviz_ogre_vendor/lib:/opt/ros/humble/lib/aarch64-linux-gnu:/opt/ros/humble/lib'), ('HOME', '/home/ltr'), ('VIRTUALENVWRAPPER_PYTHON', '/usr/bin/python3'), ('OLDPWD', '/home/ltr/aizee/jetson_ws/src'), ('JETSON_L4T', '36.4.3'), ('ROS_PYTHON_VERSION', '3'), ('JETSON_MODEL', 'NVIDIA Jetson Orin Nano Engineering Reference Developer Kit Super'), ('SYSTEMD_EXEC_PID', '879'), ('COLCON_PREFIX_PATH', '/home/ltr/aizee/jetson_ws/install'), ('PYXTERM_DIMENSIONS', '80x25'), ('ROS_DISTRO', 'humble'), ('LOGNAME', 'ltr'), ('JETSON_MODULE', 'NVIDIA Jetson Orin Nano (Developer kit)'), ('JETSON_SERIAL_NUMBER', '1421225029686'), ('JOURNAL_STREAM', '8:23315'), ('_', '/usr/bin/colcon'), ('ROS_VERSION', '2'), ('COLUMNS', '79'), ('TERM', 'xterm-256color'), ('ROS_LOCALHOST_ONLY', '0'), ('PATH', '/home/ltr/.local/bin:/opt/ros/humble/bin:/home/ltr/miniforge3/bin:/usr/bin:/usr/local/bin:/home/ltr/.local/bin:/snap/bin'), ('INVOCATION_ID', '48f9f8d618314ef882023dbc9336cc4f'), ('LANG', 'en_US.UTF-8'), ('LS_COLORS', 'rs=0:di=01;34:ln=01;36:mh=00:pi=40;33:so=01;35:do=01;35:bd=40;33;01:cd=40;33;01:or=40;31;01:mi=00:su=37;41:sg=30;43:ca=30;41:tw=30;42:ow=34;42:st=37;44:ex=01;32:*.tar=01;31:*.tgz=01;31:*.arc=01;31:*.arj=01;31:*.taz=01;31:*.lha=01;31:*.lz4=01;31:*.lzh=01;31:*.lzma=01;31:*.tlz=01;31:*.txz=01;31:*.tzo=01;31:*.t7z=01;31:*.zip=01;31:*.z=01;31:*.dz=01;31:*.gz=01;31:*.lrz=01;31:*.lz=01;31:*.lzo=01;31:*.xz=01;31:*.zst=01;31:*.tzst=01;31:*.bz2=01;31:*.bz=01;31:*.tbz=01;31:*.tbz2=01;31:*.tz=01;31:*.deb=01;31:*.rpm=01;31:*.jar=01;31:*.war=01;31:*.ear=01;31:*.sar=01;31:*.rar=01;31:*.alz=01;31:*.ace=01;31:*.zoo=01;31:*.cpio=01;31:*.7z=01;31:*.rz=01;31:*.cab=01;31:*.wim=01;31:*.swm=01;31:*.dwm=01;31:*.esd=01;31:*.jpg=01;35:*.jpeg=01;35:*.mjpg=01;35:*.mjpeg=01;35:*.gif=01;35:*.bmp=01;35:*.pbm=01;35:*.pgm=01;35:*.ppm=01;35:*.tga=01;35:*.xbm=01;35:*.xpm=01;35:*.tif=01;35:*.tiff=01;35:*.png=01;35:*.svg=01;35:*.svgz=01;35:*.mng=01;35:*.pcx=01;35:*.mov=01;35:*.mpg=01;35:*.mpeg=01;35:*.m2v=01;35:*.mkv=01;35:*.webm=01;35:*.webp=01;35:*.ogm=01;35:*.mp4=01;35:*.m4v=01;35:*.mp4v=01;35:*.vob=01;35:*.qt=01;35:*.nuv=01;35:*.wmv=01;35:*.asf=01;35:*.rm=01;35:*.rmvb=01;35:*.flc=01;35:*.avi=01;35:*.fli=01;35:*.flv=01;35:*.gl=01;35:*.dl=01;35:*.xcf=01;35:*.xwd=01;35:*.yuv=01;35:*.cgm=01;35:*.emf=01;35:*.ogv=01;35:*.ogx=01;35:*.aac=00;36:*.au=00;36:*.flac=00;36:*.m4a=00;36:*.mid=00;36:*.midi=00;36:*.mka=00;36:*.mp3=00;36:*.mpc=00;36:*.ogg=00;36:*.ra=00;36:*.wav=00;36:*.oga=00;36:*.opus=00;36:*.spx=00;36:*.xspf=00;36:'), ('JETSON_SOC', 'tegra234'), ('AMENT_PREFIX_PATH', '/home/ltr/aizee/jetson_ws/install/rplidar_ros:/opt/ros/humble'), ('SHELL', '/bin/bash'), ('LESSCLOSE', '/usr/bin/lesspipe %s %s'), ('VIRTUALENVWRAPPER_PROJECT_FILENAME', '.project'), ('VIRTUALENVWRAPPER_HOOK_DIR', '/home/ltr/.virtualenvs'), ('VIRTUALENVWRAPPER_SCRIPT', '/usr/local/bin/virtualenvwrapper.sh'), ('JETSON_CUDA_ARCH_BIN', '8.7'), ('PWD', '/home/ltr/aizee/jetson_ws/build/rplidar_ros'), ('XDG_DATA_DIRS', '/usr/share/gnome:/usr/local/share:/usr/share:/var/lib/snapd/desktop'), ('LINES', '25'), ('PYTHONPATH', '/opt/ros/humble/lib/python3.10/site-packages:/opt/ros/humble/local/lib/python3.10/dist-packages'), ('COLCON', '1'), ('JETSON_JETPACK', '6.2'), ('JUPYTER_SERVER_URL', 'http://platform:8888/'), ('CMAKE_PREFIX_PATH', '/opt/ros/humble:/home/ltr/aizee/jetson_ws/install/rplidar_ros'), ('JETSON_P_NUMBER', 'p3767-0005')]), 'shell': False}
[28.700644] (rplidar_ros) StdoutLine: {'line': b'-- Install configuration: ""\n'}
[28.701085] (rplidar_ros) StdoutLine: {'line': b'-- Installing: /home/ltr/aizee/jetson_ws/install/rplidar_ros/share/rplidar_ros/launch\n'}
[28.701436] (rplidar_ros) StdoutLine: {'line': b'-- Installing: /home/ltr/aizee/jetson_ws/install/rplidar_ros/share/rplidar_ros/launch/view_rplidar_a3_launch.py\n'}
[28.702089] (rplidar_ros) StdoutLine: {'line': b'-- Installing: /home/ltr/aizee/jetson_ws/install/rplidar_ros/share/rplidar_ros/launch/rplidar_a2m8_launch.py\n'}
[28.702403] (rplidar_ros) StdoutLine: {'line': b'-- Installing: /home/ltr/aizee/jetson_ws/install/rplidar_ros/share/rplidar_ros/launch/rplidar_s3_launch.py\n'}
[28.702707] (rplidar_ros) StdoutLine: {'line': b'-- Installing: /home/ltr/aizee/jetson_ws/install/rplidar_ros/share/rplidar_ros/launch/rplidar_a2m12_launch.py\n'}
[28.702994] (rplidar_ros) StdoutLine: {'line': b'-- Installing: /home/ltr/aizee/jetson_ws/install/rplidar_ros/share/rplidar_ros/launch/view_rplidar_s1_tcp_launch.py\n'}
[28.703362] (rplidar_ros) StdoutLine: {'line': b'-- Installing: /home/ltr/aizee/jetson_ws/install/rplidar_ros/share/rplidar_ros/launch/rplidar_a3_launch.py\n'}
[28.703682] (rplidar_ros) StdoutLine: {'line': b'-- Installing: /home/ltr/aizee/jetson_ws/install/rplidar_ros/share/rplidar_ros/launch/view_rplidar_s1_launch.py\n'}
[28.703982] (rplidar_ros) StdoutLine: {'line': b'-- Installing: /home/ltr/aizee/jetson_ws/install/rplidar_ros/share/rplidar_ros/launch/rplidar_a1_launch.py\n'}
[28.704270] (rplidar_ros) StdoutLine: {'line': b'-- Installing: /home/ltr/aizee/jetson_ws/install/rplidar_ros/share/rplidar_ros/launch/rplidar_a2m7_launch.py\n'}
[28.704588] (rplidar_ros) StdoutLine: {'line': b'-- Installing: /home/ltr/aizee/jetson_ws/install/rplidar_ros/share/rplidar_ros/launch/view_rplidar_a2m7_launch.py\n'}
[28.704905] (rplidar_ros) StdoutLine: {'line': b'-- Installing: /home/ltr/aizee/jetson_ws/install/rplidar_ros/share/rplidar_ros/launch/view_rplidar_a2m8_launch.py\n'}
[28.705202] (rplidar_ros) StdoutLine: {'line': b'-- Installing: /home/ltr/aizee/jetson_ws/install/rplidar_ros/share/rplidar_ros/launch/view_rplidar_t1_launch.py\n'}
[28.705530] (rplidar_ros) StdoutLine: {'line': b'-- Installing: /home/ltr/aizee/jetson_ws/install/rplidar_ros/share/rplidar_ros/launch/rplidar_s2_launch.py\n'}
[28.705809] (-) TimerEvent: {}
[28.706156] (rplidar_ros) StdoutLine: {'line': b'-- Installing: /home/ltr/aizee/jetson_ws/install/rplidar_ros/share/rplidar_ros/launch/view_rplidar_s2e_launch.py\n'}
[28.706478] (rplidar_ros) StdoutLine: {'line': b'-- Installing: /home/ltr/aizee/jetson_ws/install/rplidar_ros/share/rplidar_ros/launch/view_rplidar_s3_launch.py\n'}
[28.706850] (rplidar_ros) StdoutLine: {'line': b'-- Installing: /home/ltr/aizee/jetson_ws/install/rplidar_ros/share/rplidar_ros/launch/view_rplidar_a2m12_launch.py\n'}
[28.707142] (rplidar_ros) StdoutLine: {'line': b'-- Installing: /home/ltr/aizee/jetson_ws/install/rplidar_ros/share/rplidar_ros/launch/view_rplidar_a1_launch.py\n'}
[28.707472] (rplidar_ros) StdoutLine: {'line': b'-- Installing: /home/ltr/aizee/jetson_ws/install/rplidar_ros/share/rplidar_ros/launch/rplidar_s1_tcp_launch.py\n'}
[28.707698] (rplidar_ros) StdoutLine: {'line': b'-- Installing: /home/ltr/aizee/jetson_ws/install/rplidar_ros/share/rplidar_ros/launch/rplidar_t1_launch.py\n'}
[28.707975] (rplidar_ros) StdoutLine: {'line': b'-- Installing: /home/ltr/aizee/jetson_ws/install/rplidar_ros/share/rplidar_ros/launch/rplidar_c1_launch.py\n'}
[28.708198] (rplidar_ros) StdoutLine: {'line': b'-- Installing: /home/ltr/aizee/jetson_ws/install/rplidar_ros/share/rplidar_ros/launch/view_rplidar_s2_launch.py\n'}
[28.708413] (rplidar_ros) StdoutLine: {'line': b'-- Installing: /home/ltr/aizee/jetson_ws/install/rplidar_ros/share/rplidar_ros/launch/view_rplidar_c1_launch.py\n'}
[28.708625] (rplidar_ros) StdoutLine: {'line': b'-- Installing: /home/ltr/aizee/jetson_ws/install/rplidar_ros/share/rplidar_ros/launch/rplidar_s1_launch.py\n'}
[28.708864] (rplidar_ros) StdoutLine: {'line': b'-- Installing: /home/ltr/aizee/jetson_ws/install/rplidar_ros/share/rplidar_ros/launch/rplidar_s2e_launch.py\n'}
[28.709134] (rplidar_ros) StdoutLine: {'line': b'-- Installing: /home/ltr/aizee/jetson_ws/install/rplidar_ros/share/rplidar_ros/rviz\n'}
[28.709376] (rplidar_ros) StdoutLine: {'line': b'-- Installing: /home/ltr/aizee/jetson_ws/install/rplidar_ros/share/rplidar_ros/rviz/rplidar_ros.rviz\n'}
[28.709593] (rplidar_ros) StdoutLine: {'line': b'-- Installing: /home/ltr/aizee/jetson_ws/install/rplidar_ros/lib/rplidar_ros/rplidar_node\n'}
[28.713478] (rplidar_ros) StdoutLine: {'line': b'-- Set runtime path of "/home/ltr/aizee/jetson_ws/install/rplidar_ros/lib/rplidar_ros/rplidar_node" to ""\n'}
[28.713903] (rplidar_ros) StdoutLine: {'line': b'-- Installing: /home/ltr/aizee/jetson_ws/install/rplidar_ros/lib/rplidar_ros/rplidar_composition\n'}
[28.719280] (rplidar_ros) StdoutLine: {'line': b'-- Set runtime path of "/home/ltr/aizee/jetson_ws/install/rplidar_ros/lib/rplidar_ros/rplidar_composition" to ""\n'}
[28.719631] (rplidar_ros) StdoutLine: {'line': b'-- Installing: /home/ltr/aizee/jetson_ws/install/rplidar_ros/lib/rplidar_ros/rplidar_client\n'}
[28.728867] (rplidar_ros) StdoutLine: {'line': b'-- Set runtime path of "/home/ltr/aizee/jetson_ws/install/rplidar_ros/lib/rplidar_ros/rplidar_client" to ""\n'}
[28.729333] (rplidar_ros) StdoutLine: {'line': b'-- Installing: /home/ltr/aizee/jetson_ws/install/rplidar_ros/share/ament_index/resource_index/package_run_dependencies/rplidar_ros\n'}
[28.729767] (rplidar_ros) StdoutLine: {'line': b'-- Installing: /home/ltr/aizee/jetson_ws/install/rplidar_ros/share/ament_index/resource_index/parent_prefix_path/rplidar_ros\n'}
[28.730204] (rplidar_ros) StdoutLine: {'line': b'-- Installing: /home/ltr/aizee/jetson_ws/install/rplidar_ros/share/rplidar_ros/environment/ament_prefix_path.sh\n'}
[28.730506] (rplidar_ros) StdoutLine: {'line': b'-- Installing: /home/ltr/aizee/jetson_ws/install/rplidar_ros/share/rplidar_ros/environment/ament_prefix_path.dsv\n'}
[28.730868] (rplidar_ros) StdoutLine: {'line': b'-- Installing: /home/ltr/aizee/jetson_ws/install/rplidar_ros/share/rplidar_ros/environment/path.sh\n'}
[28.731210] (rplidar_ros) StdoutLine: {'line': b'-- Installing: /home/ltr/aizee/jetson_ws/install/rplidar_ros/share/rplidar_ros/environment/path.dsv\n'}
[28.731512] (rplidar_ros) StdoutLine: {'line': b'-- Installing: /home/ltr/aizee/jetson_ws/install/rplidar_ros/share/rplidar_ros/local_setup.bash\n'}
[28.731812] (rplidar_ros) StdoutLine: {'line': b'-- Installing: /home/ltr/aizee/jetson_ws/install/rplidar_ros/share/rplidar_ros/local_setup.sh\n'}
[28.732132] (rplidar_ros) StdoutLine: {'line': b'-- Installing: /home/ltr/aizee/jetson_ws/install/rplidar_ros/share/rplidar_ros/local_setup.zsh\n'}
[28.732422] (rplidar_ros) StdoutLine: {'line': b'-- Installing: /home/ltr/aizee/jetson_ws/install/rplidar_ros/share/rplidar_ros/local_setup.dsv\n'}
[28.732707] (rplidar_ros) StdoutLine: {'line': b'-- Installing: /home/ltr/aizee/jetson_ws/install/rplidar_ros/share/rplidar_ros/package.dsv\n'}
[28.733021] (rplidar_ros) StdoutLine: {'line': b'-- Installing: /home/ltr/aizee/jetson_ws/install/rplidar_ros/share/ament_index/resource_index/packages/rplidar_ros\n'}
[28.733372] (rplidar_ros) StdoutLine: {'line': b'-- Installing: /home/ltr/aizee/jetson_ws/install/rplidar_ros/share/rplidar_ros/cmake/ament_cmake_export_dependencies-extras.cmake\n'}
[28.733691] (rplidar_ros) StdoutLine: {'line': b'-- Installing: /home/ltr/aizee/jetson_ws/install/rplidar_ros/share/rplidar_ros/cmake/ament_cmake_export_include_directories-extras.cmake\n'}
[28.733988] (rplidar_ros) StdoutLine: {'line': b'-- Installing: /home/ltr/aizee/jetson_ws/install/rplidar_ros/share/rplidar_ros/cmake/rplidar_rosConfig.cmake\n'}
[28.734282] (rplidar_ros) StdoutLine: {'line': b'-- Installing: /home/ltr/aizee/jetson_ws/install/rplidar_ros/share/rplidar_ros/cmake/rplidar_rosConfig-version.cmake\n'}
[28.735293] (rplidar_ros) StdoutLine: {'line': b'-- Installing: /home/ltr/aizee/jetson_ws/install/rplidar_ros/share/rplidar_ros/package.xml\n'}
[28.740804] (rplidar_ros) CommandEnded: {'returncode': 0}
[28.806117] (-) TimerEvent: {}
[28.809197] (rplidar_ros) JobEnded: {'identifier': 'rplidar_ros', 'rc': 0}
[28.825447] (-) EventReactorShutdown: {}
